run_id,placement_id,design_name,aspect_ratio,core_util,density,synth_strategy,io_mode,time_driven,routability_driven,cts_max_wire,cts_buf_dist,cts_cluster_size,cts_cluster_dia,skew_setup,skew_hold,setup_slack,hold_slack,setup_tns,hold_tns,setup_vio_count,hold_vio_count,power_total,wirelength,utilization,clock_buffers,clock_inverters,timing_repair_buffers,raw_graph_path,cluster_graph_path
1,ethmac_run_20260126_111723,ethmac,1.4,65,0.82,DELAY 4,0,0,1,204,98,23,68,0.53789,-0.547947,1.73505,-0.161388,0,-4.51528,0,54,0.0658241,1153130,0.696297,650,62,412,dataset_root/graphs/raw_graphs/ethmac_run_20260126_111723_raw.pt,dataset_root/graphs/clustered_graphs/ethmac_run_20260126_111723_clustered.pt
2,ethmac_run_20260126_111723,ethmac,1.4,65,0.82,DELAY 4,0,0,1,191,118,22,62,0.701856,-0.706459,1.73707,-0.164047,0,-4.66456,0,54,0.0664534,1157110,0.697241,680,95,412,dataset_root/graphs/raw_graphs/ethmac_run_20260126_111723_raw.pt,dataset_root/graphs/clustered_graphs/ethmac_run_20260126_111723_clustered.pt
3,ethmac_run_20260126_111723,ethmac,1.4,65,0.82,DELAY 4,0,0,1,140,89,17,45,0.998615,-0.991076,1.74177,-0.174572,0,-4.93181,0,61,0.069556,1168620,0.702355,952,192,412,dataset_root/graphs/raw_graphs/ethmac_run_20260126_111723_raw.pt,dataset_root/graphs/clustered_graphs/ethmac_run_20260126_111723_clustered.pt
4,ethmac_run_20260126_111723,ethmac,1.4,65,0.82,DELAY 4,0,0,1,205,97,17,56,0.539844,-0.540694,1.72024,-0.164524,0,-4.86789,0,58,0.0678415,1163040,0.699496,830,67,412,dataset_root/graphs/raw_graphs/ethmac_run_20260126_111723_raw.pt,dataset_root/graphs/clustered_graphs/ethmac_run_20260126_111723_clustered.pt
5,ethmac_run_20260126_111723,ethmac,1.4,65,0.82,DELAY 4,0,0,1,194,149,30,48,0.724559,-0.721621,1.75172,-0.185367,0,-4.85013,0,53,0.0709108,1161750,0.704028,692,425,412,dataset_root/graphs/raw_graphs/ethmac_run_20260126_111723_raw.pt,dataset_root/graphs/clustered_graphs/ethmac_run_20260126_111723_clustered.pt
6,ethmac_run_20260126_111723,ethmac,1.4,65,0.82,DELAY 4,0,0,1,144,106,13,64,0.848344,-0.904605,1.70782,-0.168381,0,-6.12574,0,74,0.0693889,1171170,0.701919,1022,29,412,dataset_root/graphs/raw_graphs/ethmac_run_20260126_111723_raw.pt,dataset_root/graphs/clustered_graphs/ethmac_run_20260126_111723_clustered.pt
7,ethmac_run_20260126_111723,ethmac,1.4,65,0.82,DELAY 4,0,0,1,267,93,26,44,0.73666,-0.751451,1.67681,-0.189381,0,-4.57143,0,53,0.0713867,1169150,0.705099,789,450,412,dataset_root/graphs/raw_graphs/ethmac_run_20260126_111723_raw.pt,dataset_root/graphs/clustered_graphs/ethmac_run_20260126_111723_clustered.pt
8,ethmac_run_20260126_111723,ethmac,1.4,65,0.82,DELAY 4,0,0,1,258,126,22,50,0.722754,-0.725018,1.73654,-0.160811,0,-4.61504,0,54,0.0690761,1158940,0.701365,748,314,412,dataset_root/graphs/raw_graphs/ethmac_run_20260126_111723_raw.pt,dataset_root/graphs/clustered_graphs/ethmac_run_20260126_111723_clustered.pt
9,ethmac_run_20260126_111723,ethmac,1.4,65,0.82,DELAY 4,0,0,1,154,74,20,65,0.555829,-0.556214,1.74376,-0.162977,0,-4.73679,0,54,0.0658608,1155980,0.696642,731,59,412,dataset_root/graphs/raw_graphs/ethmac_run_20260126_111723_raw.pt,dataset_root/graphs/clustered_graphs/ethmac_run_20260126_111723_clustered.pt
10,ethmac_run_20260126_111723,ethmac,1.4,65,0.82,DELAY 4,0,0,1,186,111,25,54,0.700136,-0.696025,1.74496,-0.162107,0,-4.55966,0,53,0.068433,1157150,0.700342,682,268,412,dataset_root/graphs/raw_graphs/ethmac_run_20260126_111723_raw.pt,dataset_root/graphs/clustered_graphs/ethmac_run_20260126_111723_clustered.pt
11,ethmac_run_20260126_112413,ethmac,1.4,49,0.56,DELAY 0,0,0,0,143,125,21,55,0.8632,-0.906623,2.08132,-0.16526,0,-278.176,0,9325,0.074542,1075110,0.529836,848,370,639,dataset_root/graphs/raw_graphs/ethmac_run_20260126_112413_raw.pt,dataset_root/graphs/clustered_graphs/ethmac_run_20260126_112413_clustered.pt
12,ethmac_run_20260126_112413,ethmac,1.4,49,0.56,DELAY 0,0,0,0,274,139,17,49,0.542186,-0.552264,2.07081,-0.169971,0,-309.378,0,9327,0.07477,1075820,0.530343,961,332,639,dataset_root/graphs/raw_graphs/ethmac_run_20260126_112413_raw.pt,dataset_root/graphs/clustered_graphs/ethmac_run_20260126_112413_clustered.pt
13,ethmac_run_20260126_112413,ethmac,1.4,49,0.56,DELAY 0,0,0,0,233,104,19,42,0.566521,-0.64654,2.06297,-0.28038,0,-325.874,0,9333,0.0817536,1087180,0.539045,1324,626,639,dataset_root/graphs/raw_graphs/ethmac_run_20260126_112413_raw.pt,dataset_root/graphs/clustered_graphs/ethmac_run_20260126_112413_clustered.pt
14,ethmac_run_20260126_112413,ethmac,1.4,49,0.56,DELAY 0,0,0,0,255,102,25,39,0.686767,-0.668733,2.07563,-0.274298,0,-337.796,0,9335,0.0850523,1089610,0.54303,1466,773,639,dataset_root/graphs/raw_graphs/ethmac_run_20260126_112413_raw.pt,dataset_root/graphs/clustered_graphs/ethmac_run_20260126_112413_clustered.pt
15,ethmac_run_20260126_112413,ethmac,1.4,49,0.56,DELAY 0,0,0,0,267,80,16,38,0.709363,-0.669208,2.04472,-0.268813,0,-341.646,0,9339,0.086237,1092950,0.544514,1585,757,639,dataset_root/graphs/raw_graphs/ethmac_run_20260126_112413_raw.pt,dataset_root/graphs/clustered_graphs/ethmac_run_20260126_112413_clustered.pt
16,ethmac_run_20260126_112413,ethmac,1.4,49,0.56,DELAY 0,0,0,0,220,86,29,39,0.678943,-0.650747,2.07943,-0.176021,0,-337.487,0,9335,0.0870737,1092670,0.545206,1528,749,639,dataset_root/graphs/raw_graphs/ethmac_run_20260126_112413_raw.pt,dataset_root/graphs/clustered_graphs/ethmac_run_20260126_112413_clustered.pt
17,ethmac_run_20260126_112413,ethmac,1.4,49,0.56,DELAY 0,0,0,0,172,142,25,62,0.830106,-0.861112,2.07569,-0.162678,0,-242.654,0,9295,0.0713447,1067170,0.526124,696,291,639,dataset_root/graphs/raw_graphs/ethmac_run_20260126_112413_raw.pt,dataset_root/graphs/clustered_graphs/ethmac_run_20260126_112413_clustered.pt
18,ethmac_run_20260126_112413,ethmac,1.4,49,0.56,DELAY 0,0,0,0,242,85,28,41,0.685408,-0.67063,2.04424,-0.171825,0,-328.089,0,9336,0.0848039,1090870,0.542461,1422,645,639,dataset_root/graphs/raw_graphs/ethmac_run_20260126_112413_raw.pt,dataset_root/graphs/clustered_graphs/ethmac_run_20260126_112413_clustered.pt
19,ethmac_run_20260126_112413,ethmac,1.4,49,0.56,DELAY 0,0,0,0,236,92,30,54,0.833543,-0.757704,2.05572,-0.163948,0,-247.392,0,9302,0.0746892,1072290,0.530173,783,460,639,dataset_root/graphs/raw_graphs/ethmac_run_20260126_112413_raw.pt,dataset_root/graphs/clustered_graphs/ethmac_run_20260126_112413_clustered.pt
20,ethmac_run_20260126_112413,ethmac,1.4,49,0.56,DELAY 0,0,0,0,250,138,20,66,0.724405,-0.707611,2.07046,-0.166748,0,-281.006,0,9315,0.0701678,1069960,0.524576,744,118,639,dataset_root/graphs/raw_graphs/ethmac_run_20260126_112413_raw.pt,dataset_root/graphs/clustered_graphs/ethmac_run_20260126_112413_clustered.pt
21,ethmac_run_20260126_113114,ethmac,1.4,45,0.5,AREA 2,0,0,1,192,135,16,59,0.761526,-0.781094,1.30671,-0.169098,0,-332.493,0,9344,0.0697704,1203120,0.48302,962,163,589,dataset_root/graphs/raw_graphs/ethmac_run_20260126_113114_raw.pt,dataset_root/graphs/clustered_graphs/ethmac_run_20260126_113114_clustered.pt
22,ethmac_run_20260126_113114,ethmac,1.4,45,0.5,AREA 2,0,0,1,134,143,30,63,0.971811,-0.957944,1.44063,-0.280548,0,-252.746,0,9340,0.0712438,1199530,0.484372,740,410,589,dataset_root/graphs/raw_graphs/ethmac_run_20260126_113114_raw.pt,dataset_root/graphs/clustered_graphs/ethmac_run_20260126_113114_clustered.pt
23,ethmac_run_20260126_113114,ethmac,1.4,45,0.5,AREA 2,0,0,1,226,137,25,38,0.682361,-0.696795,1.30234,-0.177184,0,-370.201,0,9350,0.0880606,1223230,0.502847,1686,937,589,dataset_root/graphs/raw_graphs/ethmac_run_20260126_113114_raw.pt,dataset_root/graphs/clustered_graphs/ethmac_run_20260126_113114_clustered.pt
24,ethmac_run_20260126_113114,ethmac,1.4,45,0.5,AREA 2,0,0,1,151,87,21,57,0.994833,-0.991056,1.30049,-0.431261,0,-299.314,0,9349,0.0715758,1203710,0.484943,888,415,589,dataset_root/graphs/raw_graphs/ethmac_run_20260126_113114_raw.pt,dataset_root/graphs/clustered_graphs/ethmac_run_20260126_113114_clustered.pt
25,ethmac_run_20260126_113114,ethmac,1.4,45,0.5,AREA 2,0,0,1,143,126,22,51,1.14167,-1.06573,1.29452,-0.314352,0,-304.21,0,9361,0.0741324,1206340,0.487755,961,581,589,dataset_root/graphs/raw_graphs/ethmac_run_20260126_113114_raw.pt,dataset_root/graphs/clustered_graphs/ethmac_run_20260126_113114_clustered.pt
26,ethmac_run_20260126_113114,ethmac,1.4,45,0.5,AREA 2,0,0,1,242,107,22,63,0.694624,-0.717855,1.30357,-0.311835,0,-285.077,0,9338,0.0700135,1199940,0.483095,790,322,589,dataset_root/graphs/raw_graphs/ethmac_run_20260126_113114_raw.pt,dataset_root/graphs/clustered_graphs/ethmac_run_20260126_113114_clustered.pt
27,ethmac_run_20260126_113114,ethmac,1.4,45,0.5,AREA 2,0,0,1,235,100,14,38,0.67295,-0.686673,1.30455,-0.177303,0,-371.288,0,9349,0.0884997,1225500,0.503335,1756,905,589,dataset_root/graphs/raw_graphs/ethmac_run_20260126_113114_raw.pt,dataset_root/graphs/clustered_graphs/ethmac_run_20260126_113114_clustered.pt
28,ethmac_run_20260126_113114,ethmac,1.4,45,0.5,AREA 2,0,0,1,207,132,29,48,0.726365,-0.723767,1.32241,-0.307894,0,-316.584,0,9341,0.0766396,1206690,0.490574,1009,684,589,dataset_root/graphs/raw_graphs/ethmac_run_20260126_113114_raw.pt,dataset_root/graphs/clustered_graphs/ethmac_run_20260126_113114_clustered.pt
29,ethmac_run_20260126_113114,ethmac,1.4,45,0.5,AREA 2,0,0,1,220,142,15,53,0.716621,-0.713484,1.31576,-0.169631,0,-342.381,0,9346,0.0719902,1207650,0.485264,1058,186,589,dataset_root/graphs/raw_graphs/ethmac_run_20260126_113114_raw.pt,dataset_root/graphs/clustered_graphs/ethmac_run_20260126_113114_clustered.pt
30,ethmac_run_20260126_113114,ethmac,1.4,45,0.5,AREA 2,0,0,1,154,109,25,57,0.829329,-0.83338,1.33517,-0.168449,0,-273.347,0,9331,0.0715702,1199740,0.484952,791,469,589,dataset_root/graphs/raw_graphs/ethmac_run_20260126_113114_raw.pt,dataset_root/graphs/clustered_graphs/ethmac_run_20260126_113114_clustered.pt
31,ethmac_run_20260126_113800,ethmac,2.0,41,0.48,DELAY 1,0,0,0,197,93,24,63,0.730479,-0.730505,1.20755,-0.293517,0,-234.283,0,9309,0.0687818,1358770,0.441178,700,132,894,dataset_root/graphs/raw_graphs/ethmac_run_20260126_113800_raw.pt,dataset_root/graphs/clustered_graphs/ethmac_run_20260126_113800_clustered.pt
32,ethmac_run_20260126_113800,ethmac,2.0,41,0.48,DELAY 1,0,0,0,265,146,29,60,0.730377,-0.720609,1.22016,-0.174014,0,-209.243,0,9295,0.0707575,1356870,0.443083,646,337,894,dataset_root/graphs/raw_graphs/ethmac_run_20260126_113800_raw.pt,dataset_root/graphs/clustered_graphs/ethmac_run_20260126_113800_clustered.pt
33,ethmac_run_20260126_113800,ethmac,2.0,41,0.48,DELAY 1,0,0,0,267,105,13,41,0.711849,-0.709025,1.21729,-0.165355,0,-329.303,0,9343,0.0759203,1373060,0.448705,1246,259,894,dataset_root/graphs/raw_graphs/ethmac_run_20260126_113800_raw.pt,dataset_root/graphs/clustered_graphs/ethmac_run_20260126_113800_clustered.pt
34,ethmac_run_20260126_113800,ethmac,2.0,41,0.48,DELAY 1,0,0,0,173,103,29,63,0.566399,-0.569336,1.21407,-0.181154,0,-210.368,0,9296,0.0708566,1358350,0.443253,685,319,894,dataset_root/graphs/raw_graphs/ethmac_run_20260126_113800_raw.pt,dataset_root/graphs/clustered_graphs/ethmac_run_20260126_113800_clustered.pt
35,ethmac_run_20260126_113800,ethmac,2.0,41,0.48,DELAY 1,0,0,0,237,89,19,36,0.69283,-0.689127,1.23215,-0.213941,0,-324.731,0,9345,0.0841047,1381810,0.457059,1520,704,894,dataset_root/graphs/raw_graphs/ethmac_run_20260126_113800_raw.pt,dataset_root/graphs/clustered_graphs/ethmac_run_20260126_113800_clustered.pt
36,ethmac_run_20260126_113800,ethmac,2.0,41,0.48,DELAY 1,0,0,0,174,107,21,47,0.934334,-0.934251,1.19205,-0.44047,0,-270.771,0,9330,0.0743585,1365700,0.446846,876,461,894,dataset_root/graphs/raw_graphs/ethmac_run_20260126_113800_raw.pt,dataset_root/graphs/clustered_graphs/ethmac_run_20260126_113800_clustered.pt
37,ethmac_run_20260126_113800,ethmac,2.0,41,0.48,DELAY 1,0,0,0,143,104,23,69,0.751406,-0.69591,1.22272,-0.159479,0,-241.262,0,9313,0.0683046,1359930,0.440634,701,77,894,dataset_root/graphs/raw_graphs/ethmac_run_20260126_113800_raw.pt,dataset_root/graphs/clustered_graphs/ethmac_run_20260126_113800_clustered.pt
38,ethmac_run_20260126_113800,ethmac,2.0,41,0.48,DELAY 1,0,0,0,262,131,29,57,0.700597,-0.697317,1.20364,-0.163342,0,-208.738,0,9289,0.0718937,1358390,0.444219,677,339,894,dataset_root/graphs/raw_graphs/ethmac_run_20260126_113800_raw.pt,dataset_root/graphs/clustered_graphs/ethmac_run_20260126_113800_clustered.pt
39,ethmac_run_20260126_113800,ethmac,2.0,41,0.48,DELAY 1,0,0,0,151,109,20,36,1.13878,-1.13926,1.08775,-0.218559,0,-324.677,0,9342,0.0836205,1380840,0.456527,1464,739,894,dataset_root/graphs/raw_graphs/ethmac_run_20260126_113800_raw.pt,dataset_root/graphs/clustered_graphs/ethmac_run_20260126_113800_clustered.pt
40,ethmac_run_20260126_113800,ethmac,2.0,41,0.48,DELAY 1,0,0,0,148,86,19,49,1.00006,-0.913107,0.910823,-0.264899,0,-282.573,0,9342,0.0734893,1366880,0.44601,959,319,894,dataset_root/graphs/raw_graphs/ethmac_run_20260126_113800_raw.pt,dataset_root/graphs/clustered_graphs/ethmac_run_20260126_113800_clustered.pt
41,ethmac_run_20260126_114736,ethmac,1.4,64,0.71,AREA 0,0,1,0,151,73,27,35,0.697268,-0.704065,2.24914,-0.317375,0,-354.937,0,9354,0.0819216,1040990,0.704815,1532,753,539,dataset_root/graphs/raw_graphs/ethmac_run_20260126_114736_raw.pt,dataset_root/graphs/clustered_graphs/ethmac_run_20260126_114736_clustered.pt
42,ethmac_run_20260126_114736,ethmac,1.4,64,0.71,AREA 0,0,1,0,131,139,17,36,0.716636,-0.712383,2.27917,-0.347064,0,-352.229,0,9354,0.0809947,1037990,0.703172,1425,733,539,dataset_root/graphs/raw_graphs/ethmac_run_20260126_114736_raw.pt,dataset_root/graphs/clustered_graphs/ethmac_run_20260126_114736_clustered.pt
43,ethmac_run_20260126_114736,ethmac,1.4,64,0.71,AREA 0,0,1,0,258,89,29,56,0.538717,-0.536978,2.24173,-0.162127,0,-244.612,0,9317,0.0690331,1013430,0.683713,664,378,539,dataset_root/graphs/raw_graphs/ethmac_run_20260126_114736_raw.pt,dataset_root/graphs/clustered_graphs/ethmac_run_20260126_114736_clustered.pt
44,ethmac_run_20260126_114736,ethmac,1.4,64,0.71,AREA 0,0,1,0,194,113,26,38,0.702327,-0.679103,2.22707,-0.300489,0,-344.567,0,9352,0.0779169,1033650,0.69823,1298,641,539,dataset_root/graphs/raw_graphs/ethmac_run_20260126_114736_raw.pt,dataset_root/graphs/clustered_graphs/ethmac_run_20260126_114736_clustered.pt
45,ethmac_run_20260126_114736,ethmac,1.4,64,0.71,AREA 0,0,1,0,146,120,16,45,0.947398,-0.863926,2.23719,-0.234655,0,-337.769,0,9355,0.0714537,1024360,0.687478,1015,245,539,dataset_root/graphs/raw_graphs/ethmac_run_20260126_114736_raw.pt,dataset_root/graphs/clustered_graphs/ethmac_run_20260126_114736_clustered.pt
46,ethmac_run_20260126_114736,ethmac,1.4,64,0.71,AREA 0,0,1,0,168,114,14,47,0.689467,-0.687379,2.24847,-0.167677,0,-352.596,0,9350,0.0697028,1023760,0.68482,1008,107,539,dataset_root/graphs/raw_graphs/ethmac_run_20260126_114736_raw.pt,dataset_root/graphs/clustered_graphs/ethmac_run_20260126_114736_clustered.pt
47,ethmac_run_20260126_114736,ethmac,1.4,64,0.71,AREA 0,0,1,0,181,121,29,48,0.706606,-0.683642,2.2358,-0.165397,0,-274.302,0,9337,0.0717554,1018500,0.688042,795,479,539,dataset_root/graphs/raw_graphs/ethmac_run_20260126_114736_raw.pt,dataset_root/graphs/clustered_graphs/ethmac_run_20260126_114736_clustered.pt
48,ethmac_run_20260126_114736,ethmac,1.4,64,0.71,AREA 0,0,1,0,271,102,12,49,0.540931,-0.537963,2.24703,-0.16811,0,-368.573,0,9354,0.0699946,1026440,0.685396,1085,64,539,dataset_root/graphs/raw_graphs/ethmac_run_20260126_114736_raw.pt,dataset_root/graphs/clustered_graphs/ethmac_run_20260126_114736_clustered.pt
49,ethmac_run_20260126_114736,ethmac,1.4,64,0.71,AREA 0,0,1,0,256,90,28,64,0.539146,-0.538444,2.25234,-0.163137,0,-250.289,0,9313,0.0676829,1013190,0.681564,682,307,539,dataset_root/graphs/raw_graphs/ethmac_run_20260126_114736_raw.pt,dataset_root/graphs/clustered_graphs/ethmac_run_20260126_114736_clustered.pt
50,ethmac_run_20260126_114736,ethmac,1.4,64,0.71,AREA 0,0,1,0,231,84,14,57,0.715908,-0.704252,2.24705,-0.167661,0,-351.925,0,9347,0.0676341,1022620,0.681735,953,43,539,dataset_root/graphs/raw_graphs/ethmac_run_20260126_114736_raw.pt,dataset_root/graphs/clustered_graphs/ethmac_run_20260126_114736_clustered.pt
51,ethmac_run_20260126_115823,ethmac,0.7,48,0.68,AREA 0,0,0,0,142,130,21,47,0.837979,-0.820864,0.411839,-0.163537,0,-298.605,0,9351,0.0700604,1025980,0.518374,816,334,536,dataset_root/graphs/raw_graphs/ethmac_run_20260126_115823_raw.pt,dataset_root/graphs/clustered_graphs/ethmac_run_20260126_115823_clustered.pt
52,ethmac_run_20260126_115823,ethmac,0.7,48,0.68,AREA 0,0,0,0,217,85,29,55,0.571679,-0.571186,0.378294,-0.161383,0,-243.498,0,9331,0.0687872,1021590,0.516756,684,323,536,dataset_root/graphs/raw_graphs/ethmac_run_20260126_115823_raw.pt,dataset_root/graphs/clustered_graphs/ethmac_run_20260126_115823_clustered.pt
53,ethmac_run_20260126_115823,ethmac,0.7,48,0.68,AREA 0,0,0,0,201,142,17,69,0.559146,-0.553938,0.410778,-0.161357,0,-327.784,0,9352,0.0664466,1025160,0.514027,775,34,536,dataset_root/graphs/raw_graphs/ethmac_run_20260126_115823_raw.pt,dataset_root/graphs/clustered_graphs/ethmac_run_20260126_115823_clustered.pt
54,ethmac_run_20260126_115823,ethmac,0.7,48,0.68,AREA 0,0,0,0,232,87,18,57,0.544989,-0.702238,0.402356,-0.163533,0,-319.427,0,9350,0.0667668,1025520,0.514452,790,53,536,dataset_root/graphs/raw_graphs/ethmac_run_20260126_115823_raw.pt,dataset_root/graphs/clustered_graphs/ethmac_run_20260126_115823_clustered.pt
55,ethmac_run_20260126_115823,ethmac,0.7,48,0.68,AREA 0,0,0,0,230,73,22,44,0.701643,-0.730975,0.425043,-0.164707,0,-294.377,0,9353,0.0703927,1026130,0.518957,834,425,536,dataset_root/graphs/raw_graphs/ethmac_run_20260126_115823_raw.pt,dataset_root/graphs/clustered_graphs/ethmac_run_20260126_115823_clustered.pt
56,ethmac_run_20260126_115823,ethmac,0.7,48,0.68,AREA 0,0,0,0,197,126,29,51,0.586997,-0.694571,0.386484,-0.166832,0,-244.161,0,9335,0.0691044,1020320,0.517138,671,351,536,dataset_root/graphs/raw_graphs/ethmac_run_20260126_115823_raw.pt,dataset_root/graphs/clustered_graphs/ethmac_run_20260126_115823_clustered.pt
57,ethmac_run_20260126_115823,ethmac,0.7,48,0.68,AREA 0,0,0,0,158,88,27,60,0.942017,-0.970548,0.36854,-0.23411,0,-250.722,0,9342,0.0668047,1017580,0.51452,642,266,536,dataset_root/graphs/raw_graphs/ethmac_run_20260126_115823_raw.pt,dataset_root/graphs/clustered_graphs/ethmac_run_20260126_115823_clustered.pt
58,ethmac_run_20260126_115823,ethmac,0.7,48,0.68,AREA 0,0,0,0,267,88,27,42,0.68578,-0.721339,0.377796,-0.20369,0,-272.231,0,9348,0.0722823,1026460,0.521034,806,483,536,dataset_root/graphs/raw_graphs/ethmac_run_20260126_115823_raw.pt,dataset_root/graphs/clustered_graphs/ethmac_run_20260126_115823_clustered.pt
59,ethmac_run_20260126_115823,ethmac,0.7,48,0.68,AREA 0,0,0,0,227,149,20,52,0.558655,-0.691842,0.37061,-0.161377,0,-303.959,0,9349,0.0677937,1023760,0.515618,761,172,536,dataset_root/graphs/raw_graphs/ethmac_run_20260126_115823_raw.pt,dataset_root/graphs/clustered_graphs/ethmac_run_20260126_115823_clustered.pt
60,ethmac_run_20260126_115823,ethmac,0.7,48,0.68,AREA 0,0,0,0,236,143,28,63,0.827322,-0.776789,0.4092,-0.154955,0,-240.273,0,9325,0.0660614,1012080,0.513682,542,302,536,dataset_root/graphs/raw_graphs/ethmac_run_20260126_115823_raw.pt,dataset_root/graphs/clustered_graphs/ethmac_run_20260126_115823_clustered.pt
61,ethmac_run_20260126_120755,ethmac,1.4,40,0.57,DELAY 4,1,1,0,137,96,30,62,1.07985,-1.02513,1.41325,-0.307299,0,-6.70213,0,72,0.0712382,1382700,0.44083,768,390,435,dataset_root/graphs/raw_graphs/ethmac_run_20260126_120755_raw.pt,dataset_root/graphs/clustered_graphs/ethmac_run_20260126_120755_clustered.pt
62,ethmac_run_20260126_120755,ethmac,1.4,40,0.57,DELAY 4,1,1,0,180,104,17,39,0.870737,-0.828173,1.43779,-0.17497,0,-4.8758,0,58,0.0876547,1410540,0.456143,1730,864,435,dataset_root/graphs/raw_graphs/ethmac_run_20260126_120755_raw.pt,dataset_root/graphs/clustered_graphs/ethmac_run_20260126_120755_clustered.pt
63,ethmac_run_20260126_120755,ethmac,1.4,40,0.57,DELAY 4,1,1,0,168,131,25,48,0.93173,-0.939972,1.43344,-0.219186,0,-4.76973,0,55,0.0779531,1392440,0.447096,1073,668,435,dataset_root/graphs/raw_graphs/ethmac_run_20260126_120755_raw.pt,dataset_root/graphs/clustered_graphs/ethmac_run_20260126_120755_clustered.pt
64,ethmac_run_20260126_120755,ethmac,1.4,40,0.57,DELAY 4,1,1,0,171,91,20,39,0.886985,-0.827769,1.4337,-0.174949,0,-4.83006,0,59,0.086122,1409480,0.45497,1731,865,435,dataset_root/graphs/raw_graphs/ethmac_run_20260126_120755_raw.pt,dataset_root/graphs/clustered_graphs/ethmac_run_20260126_120755_clustered.pt
65,ethmac_run_20260126_120755,ethmac,1.4,40,0.57,DELAY 4,1,1,0,252,128,13,67,0.837792,-0.777758,1.46398,-0.177678,0,-4.48478,0,55,0.0708351,1392090,0.440323,1027,51,435,dataset_root/graphs/raw_graphs/ethmac_run_20260126_120755_raw.pt,dataset_root/graphs/clustered_graphs/ethmac_run_20260126_120755_clustered.pt
66,ethmac_run_20260126_120755,ethmac,1.4,40,0.57,DELAY 4,1,1,0,273,101,25,62,0.757084,-0.737695,1.45551,-0.166424,0,-4.12259,0,49,0.0706961,1383440,0.440282,758,366,435,dataset_root/graphs/raw_graphs/ethmac_run_20260126_120755_raw.pt,dataset_root/graphs/clustered_graphs/ethmac_run_20260126_120755_clustered.pt
67,ethmac_run_20260126_120755,ethmac,1.4,40,0.57,DELAY 4,1,1,0,162,138,18,70,1.26486,-1.26637,1.46269,-0.359101,0,-10.057,0,121,0.0681884,1385500,0.437939,826,107,435,dataset_root/graphs/raw_graphs/ethmac_run_20260126_120755_raw.pt,dataset_root/graphs/clustered_graphs/ethmac_run_20260126_120755_clustered.pt
68,ethmac_run_20260126_120755,ethmac,1.4,40,0.57,DELAY 4,1,1,0,154,85,19,57,1.06056,-1.1068,1.53883,-0.357914,0,-6.72024,0,69,0.0710166,1388970,0.440628,962,248,435,dataset_root/graphs/raw_graphs/ethmac_run_20260126_120755_raw.pt,dataset_root/graphs/clustered_graphs/ethmac_run_20260126_120755_clustered.pt
69,ethmac_run_20260126_120755,ethmac,1.4,40,0.57,DELAY 4,1,1,0,153,75,12,61,1.26741,-1.15242,1.55665,-0.378097,0,-13.6207,0,110,0.0713999,1397050,0.441103,1197,66,435,dataset_root/graphs/raw_graphs/ethmac_run_20260126_120755_raw.pt,dataset_root/graphs/clustered_graphs/ethmac_run_20260126_120755_clustered.pt
70,ethmac_run_20260126_120755,ethmac,1.4,40,0.57,DELAY 4,1,1,0,154,126,28,70,0.896875,-0.85717,1.44371,-0.186271,0,-4.82496,0,53,0.0693838,1380330,0.438986,688,270,435,dataset_root/graphs/raw_graphs/ethmac_run_20260126_120755_raw.pt,dataset_root/graphs/clustered_graphs/ethmac_run_20260126_120755_clustered.pt
71,ethmac_run_20260126_121944,ethmac,1.4,53,0.61,DELAY 0,0,1,0,210,71,14,69,0.958695,-0.893268,1.21295,-0.302583,0,-332.452,0,9358,0.0712965,1045890,0.567628,954,36,635,dataset_root/graphs/raw_graphs/ethmac_run_20260126_121944_raw.pt,dataset_root/graphs/clustered_graphs/ethmac_run_20260126_121944_clustered.pt
72,ethmac_run_20260126_121944,ethmac,1.4,53,0.61,DELAY 0,0,1,0,172,114,19,47,0.966831,-0.869032,1.21154,-0.177176,0,-294.95,0,9331,0.0751737,1043100,0.572693,911,449,635,dataset_root/graphs/raw_graphs/ethmac_run_20260126_121944_raw.pt,dataset_root/graphs/clustered_graphs/ethmac_run_20260126_121944_clustered.pt
73,ethmac_run_20260126_121944,ethmac,1.4,53,0.61,DELAY 0,0,1,0,263,94,13,45,0.550927,-0.561343,1.20877,-0.171557,0,-341.518,0,9348,0.0752237,1050530,0.57273,1149,155,635,dataset_root/graphs/raw_graphs/ethmac_run_20260126_121944_raw.pt,dataset_root/graphs/clustered_graphs/ethmac_run_20260126_121944_clustered.pt
74,ethmac_run_20260126_121944,ethmac,1.4,53,0.61,DELAY 0,0,1,0,147,94,23,39,0.851534,-0.861332,1.21483,-0.177467,0,-331.263,0,9355,0.0822548,1056810,0.582388,1392,675,635,dataset_root/graphs/raw_graphs/ethmac_run_20260126_121944_raw.pt,dataset_root/graphs/clustered_graphs/ethmac_run_20260126_121944_clustered.pt
75,ethmac_run_20260126_121944,ethmac,1.4,53,0.61,DELAY 0,0,1,0,274,117,12,63,0.597769,-0.613018,1.21785,-0.171548,0,-347.281,0,9351,0.0724001,1047650,0.569178,1039,56,635,dataset_root/graphs/raw_graphs/ethmac_run_20260126_121944_raw.pt,dataset_root/graphs/clustered_graphs/ethmac_run_20260126_121944_clustered.pt
76,ethmac_run_20260126_121944,ethmac,1.4,53,0.61,DELAY 0,0,1,0,151,124,20,68,1.10009,-1.09359,1.21055,-0.367615,0,-283.046,0,9339,0.07003,1040020,0.565632,733,78,635,dataset_root/graphs/raw_graphs/ethmac_run_20260126_121944_raw.pt,dataset_root/graphs/clustered_graphs/ethmac_run_20260126_121944_clustered.pt
77,ethmac_run_20260126_121944,ethmac,1.4,53,0.61,DELAY 0,0,1,0,217,117,18,48,0.750683,-0.733602,1.19066,-0.179816,0,-301.468,0,9335,0.0745621,1042990,0.571859,927,360,635,dataset_root/graphs/raw_graphs/ethmac_run_20260126_121944_raw.pt,dataset_root/graphs/clustered_graphs/ethmac_run_20260126_121944_clustered.pt
78,ethmac_run_20260126_121944,ethmac,1.4,53,0.61,DELAY 0,0,1,0,193,75,19,41,0.935674,-0.834293,1.2119,-0.212383,0,-315.027,0,9345,0.0806944,1049450,0.580304,1183,691,635,dataset_root/graphs/raw_graphs/ethmac_run_20260126_121944_raw.pt,dataset_root/graphs/clustered_graphs/ethmac_run_20260126_121944_clustered.pt
79,ethmac_run_20260126_121944,ethmac,1.4,53,0.61,DELAY 0,0,1,0,200,86,16,69,0.897506,-0.89902,1.20984,-0.332957,0,-315.469,0,9344,0.0711005,1045150,0.567074,855,44,635,dataset_root/graphs/raw_graphs/ethmac_run_20260126_121944_raw.pt,dataset_root/graphs/clustered_graphs/ethmac_run_20260126_121944_clustered.pt
80,ethmac_run_20260126_121944,ethmac,1.4,53,0.61,DELAY 0,0,1,0,168,99,12,66,0.999449,-0.999539,1.20932,-0.276216,0,-347.935,0,9351,0.0724938,1047940,0.569278,1061,48,635,dataset_root/graphs/raw_graphs/ethmac_run_20260126_121944_raw.pt,dataset_root/graphs/clustered_graphs/ethmac_run_20260126_121944_clustered.pt
81,ethmac_run_20260126_123123,ethmac,0.7,65,0.9,AREA 2,0,1,1,189,78,28,65,0.579337,-0.566963,0.686004,-0.152585,0,-139.244,0,7262,0.0635635,1238040,0.67811,507,82,546,dataset_root/graphs/raw_graphs/ethmac_run_20260126_123123_raw.pt,dataset_root/graphs/clustered_graphs/ethmac_run_20260126_123123_clustered.pt
82,ethmac_run_20260126_123123,ethmac,0.7,65,0.9,AREA 2,0,1,1,174,93,30,55,0.742317,-0.748454,0.718928,-0.201988,0,-125.107,0,6775,0.0670926,1291850,0.683725,556,355,546,dataset_root/graphs/raw_graphs/ethmac_run_20260126_123123_raw.pt,dataset_root/graphs/clustered_graphs/ethmac_run_20260126_123123_clustered.pt
83,ethmac_run_20260126_123123,ethmac,0.7,65,0.9,AREA 2,0,1,1,214,80,25,41,0.603759,-0.569255,0.713066,-0.167784,0,-138.508,0,6670,0.070085,1369630,0.688685,773,429,546,dataset_root/graphs/raw_graphs/ethmac_run_20260126_123123_raw.pt,dataset_root/graphs/clustered_graphs/ethmac_run_20260126_123123_clustered.pt
84,ethmac_run_20260126_123123,ethmac,0.7,65,0.9,AREA 2,0,1,1,208,83,12,40,0.578136,-0.658438,0.731499,-0.303973,0,-197.811,0,7202,0.0704564,1441470,0.689059,1091,50,546,dataset_root/graphs/raw_graphs/ethmac_run_20260126_123123_raw.pt,dataset_root/graphs/clustered_graphs/ethmac_run_20260126_123123_clustered.pt
85,ethmac_run_20260126_123123,ethmac,0.7,65,0.9,AREA 2,0,1,1,216,118,19,41,0.630489,-0.628786,0.721036,-0.165711,0,-161.935,0,6924,0.0705698,1398150,0.689138,889,262,546,dataset_root/graphs/raw_graphs/ethmac_run_20260126_123123_raw.pt,dataset_root/graphs/clustered_graphs/ethmac_run_20260126_123123_clustered.pt
86,ethmac_run_20260126_123123,ethmac,0.7,65,0.9,AREA 2,0,1,1,166,93,19,59,0.535258,-0.533117,0.735962,-0.159565,0,-178.918,0,7503,0.0662278,1318450,0.682261,736,33,546,dataset_root/graphs/raw_graphs/ethmac_run_20260126_123123_raw.pt,dataset_root/graphs/clustered_graphs/ethmac_run_20260126_123123_clustered.pt
87,ethmac_run_20260126_123123,ethmac,0.7,65,0.9,AREA 2,0,1,1,246,123,28,43,0.656529,-0.567969,0.696526,-0.17744,0,-123.342,0,6455,0.0697555,1369630,0.687879,695,379,546,dataset_root/graphs/raw_graphs/ethmac_run_20260126_123123_raw.pt,dataset_root/graphs/clustered_graphs/ethmac_run_20260126_123123_clustered.pt
88,ethmac_run_20260126_123123,ethmac,0.7,65,0.9,AREA 2,0,1,1,266,107,19,41,0.559232,-0.552653,0.715724,-0.16872,0,-166.664,0,7085,0.0696121,1370380,0.687834,867,269,546,dataset_root/graphs/raw_graphs/ethmac_run_20260126_123123_raw.pt,dataset_root/graphs/clustered_graphs/ethmac_run_20260126_123123_clustered.pt
89,ethmac_run_20260126_123123,ethmac,0.7,65,0.9,AREA 2,0,1,1,157,122,29,55,0.973029,-0.971908,0.713504,-0.267083,0,-125.529,0,6706,0.0672194,1296450,0.683768,560,334,546,dataset_root/graphs/raw_graphs/ethmac_run_20260126_123123_raw.pt,dataset_root/graphs/clustered_graphs/ethmac_run_20260126_123123_clustered.pt
90,ethmac_run_20260126_123123,ethmac,0.7,65,0.9,AREA 2,0,1,1,166,113,25,68,0.941612,-0.860014,0.708633,-0.157909,0,-157.293,0,7499,0.0629888,1234040,0.677221,525,29,546,dataset_root/graphs/raw_graphs/ethmac_run_20260126_123123_raw.pt,dataset_root/graphs/clustered_graphs/ethmac_run_20260126_123123_clustered.pt
91,ethmac_run_20260126_124120,ethmac,0.7,51,0.7,AREA 0,1,1,0,130,130,15,56,1.06259,-1.06566,1.29221,-0.355612,0,-347.11,0,9344,0.068259,1123410,0.548304,948,56,539,dataset_root/graphs/raw_graphs/ethmac_run_20260126_124120_raw.pt,dataset_root/graphs/clustered_graphs/ethmac_run_20260126_124120_clustered.pt
92,ethmac_run_20260126_124120,ethmac,0.7,51,0.7,AREA 0,1,1,0,188,127,24,51,0.839609,-0.833793,1.28463,-0.324211,0,-277.392,0,9322,0.0700084,1118680,0.550431,765,394,539,dataset_root/graphs/raw_graphs/ethmac_run_20260126_124120_raw.pt,dataset_root/graphs/clustered_graphs/ethmac_run_20260126_124120_clustered.pt
93,ethmac_run_20260126_124120,ethmac,0.7,51,0.7,AREA 0,1,1,0,234,144,30,47,0.746907,-0.741329,1.28703,-0.315793,0,-264.68,0,9312,0.0710203,1118640,0.551895,731,510,539,dataset_root/graphs/raw_graphs/ethmac_run_20260126_124120_raw.pt,dataset_root/graphs/clustered_graphs/ethmac_run_20260126_124120_clustered.pt
94,ethmac_run_20260126_124120,ethmac,0.7,51,0.7,AREA 0,1,1,0,253,94,28,37,0.698739,-0.686408,1.29932,-0.172608,0,-349.839,0,9336,0.0824641,1143320,0.566531,1472,784,539,dataset_root/graphs/raw_graphs/ethmac_run_20260126_124120_raw.pt,dataset_root/graphs/clustered_graphs/ethmac_run_20260126_124120_clustered.pt
95,ethmac_run_20260126_124120,ethmac,0.7,51,0.7,AREA 0,1,1,0,224,70,29,64,0.945008,-0.945016,1.3133,-0.156288,0,-231.88,0,9304,0.0655732,1106220,0.544887,563,224,539,dataset_root/graphs/raw_graphs/ethmac_run_20260126_124120_raw.pt,dataset_root/graphs/clustered_graphs/ethmac_run_20260126_124120_clustered.pt
96,ethmac_run_20260126_124120,ethmac,0.7,51,0.7,AREA 0,1,1,0,221,146,23,62,0.746216,-0.730256,1.30325,-0.172503,0,-277.325,0,9318,0.06596,1111370,0.545389,680,160,539,dataset_root/graphs/raw_graphs/ethmac_run_20260126_124120_raw.pt,dataset_root/graphs/clustered_graphs/ethmac_run_20260126_124120_clustered.pt
97,ethmac_run_20260126_124120,ethmac,0.7,51,0.7,AREA 0,1,1,0,155,121,18,53,0.895966,-0.895918,1.3186,-0.33891,0,-322.407,0,9339,0.0685662,1120950,0.548567,881,126,539,dataset_root/graphs/raw_graphs/ethmac_run_20260126_124120_raw.pt,dataset_root/graphs/clustered_graphs/ethmac_run_20260126_124120_clustered.pt
98,ethmac_run_20260126_124120,ethmac,0.7,51,0.7,AREA 0,1,1,0,172,136,18,41,0.845072,-0.843608,1.29364,-0.313604,0,-328.829,0,9339,0.0753224,1126180,0.557681,1068,654,539,dataset_root/graphs/raw_graphs/ethmac_run_20260126_124120_raw.pt,dataset_root/graphs/clustered_graphs/ethmac_run_20260126_124120_clustered.pt
99,ethmac_run_20260126_124120,ethmac,0.7,51,0.7,AREA 0,1,1,0,147,73,26,53,0.934702,-0.879697,1.27731,-0.324131,0,-261.937,0,9322,0.0691627,1117000,0.549553,756,375,539,dataset_root/graphs/raw_graphs/ethmac_run_20260126_124120_raw.pt,dataset_root/graphs/clustered_graphs/ethmac_run_20260126_124120_clustered.pt
100,ethmac_run_20260126_124120,ethmac,0.7,51,0.7,AREA 0,1,1,0,150,113,29,70,1.14053,-1.09952,1.30917,-0.384054,0,-235.065,0,9326,0.064751,1108530,0.543827,615,137,539,dataset_root/graphs/raw_graphs/ethmac_run_20260126_124120_raw.pt,dataset_root/graphs/clustered_graphs/ethmac_run_20260126_124120_clustered.pt
101,ethmac_run_20260126_124849,ethmac,2.0,51,0.67,DELAY 4,0,1,0,259,130,17,37,0.69193,-0.693687,1.21777,-0.16826,0,-4.73089,0,56,0.0732829,1343490,0.55994,1008,362,421,dataset_root/graphs/raw_graphs/ethmac_run_20260126_124849_raw.pt,dataset_root/graphs/clustered_graphs/ethmac_run_20260126_124849_clustered.pt
102,ethmac_run_20260126_124849,ethmac,2.0,51,0.67,DELAY 4,0,1,0,242,117,18,54,0.544904,-0.662332,1.2219,-0.16265,0,-4.47727,0,55,0.0674764,1337180,0.552852,764,56,421,dataset_root/graphs/raw_graphs/ethmac_run_20260126_124849_raw.pt,dataset_root/graphs/clustered_graphs/ethmac_run_20260126_124849_clustered.pt
103,ethmac_run_20260126_124849,ethmac,2.0,51,0.67,DELAY 4,0,1,0,250,115,18,59,0.543513,-0.665129,1.23155,-0.16265,0,-4.47476,0,55,0.067212,1336720,0.55254,757,42,421,dataset_root/graphs/raw_graphs/ethmac_run_20260126_124849_raw.pt,dataset_root/graphs/clustered_graphs/ethmac_run_20260126_124849_clustered.pt
104,ethmac_run_20260126_124849,ethmac,2.0,51,0.67,DELAY 4,0,1,0,251,87,25,58,0.822788,-0.822949,1.21266,-0.35539,0,-4.77377,0,54,0.0651321,1322900,0.5503,584,101,421,dataset_root/graphs/raw_graphs/ethmac_run_20260126_124849_raw.pt,dataset_root/graphs/clustered_graphs/ethmac_run_20260126_124849_clustered.pt
105,ethmac_run_20260126_124849,ethmac,2.0,51,0.67,DELAY 4,0,1,0,179,95,13,48,0.68172,-0.657582,1.22397,-0.166259,0,-4.70227,0,57,0.0692897,1343290,0.555353,1020,40,421,dataset_root/graphs/raw_graphs/ethmac_run_20260126_124849_raw.pt,dataset_root/graphs/clustered_graphs/ethmac_run_20260126_124849_clustered.pt
106,ethmac_run_20260126_124849,ethmac,2.0,51,0.67,DELAY 4,0,1,0,196,134,30,42,0.698915,-0.648234,1.17959,-0.158205,0,-4.67048,0,56,0.071721,1336150,0.557988,720,469,421,dataset_root/graphs/raw_graphs/ethmac_run_20260126_124849_raw.pt,dataset_root/graphs/clustered_graphs/ethmac_run_20260126_124849_clustered.pt
107,ethmac_run_20260126_124849,ethmac,2.0,51,0.67,DELAY 4,0,1,0,167,121,26,68,1.36894,-1.3422,1.45645,-0.33356,0,-24.9569,0,295,0.0644391,1328690,0.549413,621,58,421,dataset_root/graphs/raw_graphs/ethmac_run_20260126_124849_raw.pt,dataset_root/graphs/clustered_graphs/ethmac_run_20260126_124849_clustered.pt
108,ethmac_run_20260126_124849,ethmac,2.0,51,0.67,DELAY 4,0,1,0,239,138,19,55,0.537632,-0.669966,1.24246,-0.162652,0,-4.39623,0,54,0.0671623,1335430,0.552536,745,47,421,dataset_root/graphs/raw_graphs/ethmac_run_20260126_124849_raw.pt,dataset_root/graphs/clustered_graphs/ethmac_run_20260126_124849_clustered.pt
109,ethmac_run_20260126_124849,ethmac,2.0,51,0.67,DELAY 4,0,1,0,169,93,27,35,0.930041,-0.897751,1.22699,-0.168254,0,-4.61551,0,56,0.0763157,1348270,0.563722,1043,632,421,dataset_root/graphs/raw_graphs/ethmac_run_20260126_124849_raw.pt,dataset_root/graphs/clustered_graphs/ethmac_run_20260126_124849_clustered.pt
110,ethmac_run_20260126_124849,ethmac,2.0,51,0.67,DELAY 4,0,1,0,254,126,14,57,0.684336,-0.732992,1.22712,-0.165752,0,-4.73234,0,58,0.0680949,1341420,0.553918,920,38,421,dataset_root/graphs/raw_graphs/ethmac_run_20260126_124849_raw.pt,dataset_root/graphs/clustered_graphs/ethmac_run_20260126_124849_clustered.pt
111,ethmac_run_20260126_125624,ethmac,2.0,40,0.65,DELAY 3,0,1,1,194,110,26,53,0.851399,-0.863884,1.19071,-0.156624,0,-205.488,0,9171,0.0679044,1230880,0.427783,578,149,902,dataset_root/graphs/raw_graphs/ethmac_run_20260126_125624_raw.pt,dataset_root/graphs/clustered_graphs/ethmac_run_20260126_125624_clustered.pt
112,ethmac_run_20260126_125624,ethmac,2.0,40,0.65,DELAY 3,0,1,1,151,112,21,55,1.02665,-1.02006,1.17339,-0.192903,0,-248.89,0,9266,0.069156,1240060,0.428901,710,70,902,dataset_root/graphs/raw_graphs/ethmac_run_20260126_125624_raw.pt,dataset_root/graphs/clustered_graphs/ethmac_run_20260126_125624_clustered.pt
113,ethmac_run_20260126_125624,ethmac,2.0,40,0.65,DELAY 3,0,1,1,254,100,12,37,0.688554,-0.687858,1.18483,-0.168631,0,-323.913,0,9330,0.0745037,1253650,0.434331,1130,112,902,dataset_root/graphs/raw_graphs/ethmac_run_20260126_125624_raw.pt,dataset_root/graphs/clustered_graphs/ethmac_run_20260126_125624_clustered.pt
114,ethmac_run_20260126_125624,ethmac,2.0,40,0.65,DELAY 3,0,1,1,155,127,16,65,0.900537,-0.900109,1.18493,-0.308458,0,-291.095,0,9312,0.0702177,1245780,0.430062,853,37,902,dataset_root/graphs/raw_graphs/ethmac_run_20260126_125624_raw.pt,dataset_root/graphs/clustered_graphs/ethmac_run_20260126_125624_clustered.pt
115,ethmac_run_20260126_125624,ethmac,2.0,40,0.65,DELAY 3,0,1,1,134,117,16,42,1.08997,-1.08643,1.15855,-0.357022,0,-297.373,0,9320,0.0720866,1248630,0.431997,983,101,902,dataset_root/graphs/raw_graphs/ethmac_run_20260126_125624_raw.pt,dataset_root/graphs/clustered_graphs/ethmac_run_20260126_125624_clustered.pt
116,ethmac_run_20260126_125624,ethmac,2.0,40,0.65,DELAY 3,0,1,1,245,127,25,67,0.931408,-0.937662,1.18871,-0.204783,0,-212.034,0,9179,0.0662544,1228890,0.426192,544,46,902,dataset_root/graphs/raw_graphs/ethmac_run_20260126_125624_raw.pt,dataset_root/graphs/clustered_graphs/ethmac_run_20260126_125624_clustered.pt
117,ethmac_run_20260126_125624,ethmac,2.0,40,0.65,DELAY 3,0,1,1,164,115,26,61,0.980003,-1.09745,1.17993,-0.226222,0,-204.802,0,9172,0.0666656,1232000,0.426591,579,70,902,dataset_root/graphs/raw_graphs/ethmac_run_20260126_125624_raw.pt,dataset_root/graphs/clustered_graphs/ethmac_run_20260126_125624_clustered.pt
118,ethmac_run_20260126_125624,ethmac,2.0,40,0.65,DELAY 3,0,1,1,159,129,14,39,0.698531,-0.798366,1.1779,-0.166789,0,-307.775,0,9315,0.0727063,1248240,0.432595,1013,95,902,dataset_root/graphs/raw_graphs/ethmac_run_20260126_125624_raw.pt,dataset_root/graphs/clustered_graphs/ethmac_run_20260126_125624_clustered.pt
119,ethmac_run_20260126_125624,ethmac,2.0,40,0.65,DELAY 3,0,1,1,130,149,14,61,1.05163,-1.09611,1.55189,-0.508517,0,-320.302,0,9363,0.0714728,1250960,0.431392,1009,37,902,dataset_root/graphs/raw_graphs/ethmac_run_20260126_125624_raw.pt,dataset_root/graphs/clustered_graphs/ethmac_run_20260126_125624_clustered.pt
120,ethmac_run_20260126_125624,ethmac,2.0,40,0.65,DELAY 3,0,1,1,275,131,23,66,0.737755,-0.630747,1.16718,-0.157502,0,-228.59,0,9215,0.0664407,1229550,0.426391,570,38,902,dataset_root/graphs/raw_graphs/ethmac_run_20260126_125624_raw.pt,dataset_root/graphs/clustered_graphs/ethmac_run_20260126_125624_clustered.pt
121,ethmac_run_20260126_130447,ethmac,1.4,42,0.5,AREA 1,0,0,0,151,104,15,35,1.00497,-1.15775,1.74083,-0.29401,0,-383.103,0,9357,0.0902443,1209260,0.474709,1966,1031,591,dataset_root/graphs/raw_graphs/ethmac_run_20260126_130447_raw.pt,dataset_root/graphs/clustered_graphs/ethmac_run_20260126_130447_clustered.pt
122,ethmac_run_20260126_130447,ethmac,1.4,42,0.5,AREA 1,0,0,0,149,127,14,59,0.856262,-1.01303,1.72365,-0.165618,0,-349.607,0,9340,0.0703198,1190470,0.453807,1034,82,591,dataset_root/graphs/raw_graphs/ethmac_run_20260126_130447_raw.pt,dataset_root/graphs/clustered_graphs/ethmac_run_20260126_130447_clustered.pt
123,ethmac_run_20260126_130447,ethmac,1.4,42,0.5,AREA 1,0,0,0,206,93,28,59,0.713368,-0.818582,1.72441,-0.156829,0,-260.983,0,9317,0.0715695,1181320,0.455093,772,452,591,dataset_root/graphs/raw_graphs/ethmac_run_20260126_130447_raw.pt,dataset_root/graphs/clustered_graphs/ethmac_run_20260126_130447_clustered.pt
124,ethmac_run_20260126_130447,ethmac,1.4,42,0.5,AREA 1,0,0,0,263,107,15,61,0.680836,-0.700382,1.72598,-0.16591,0,-340.603,0,9334,0.0702926,1190180,0.453703,992,92,591,dataset_root/graphs/raw_graphs/ethmac_run_20260126_130447_raw.pt,dataset_root/graphs/clustered_graphs/ethmac_run_20260126_130447_clustered.pt
125,ethmac_run_20260126_130447,ethmac,1.4,42,0.5,AREA 1,0,0,0,242,90,20,66,0.731168,-0.730753,1.71642,-0.158795,0,-298.541,0,9323,0.0689465,1182460,0.452388,824,198,591,dataset_root/graphs/raw_graphs/ethmac_run_20260126_130447_raw.pt,dataset_root/graphs/clustered_graphs/ethmac_run_20260126_130447_clustered.pt
126,ethmac_run_20260126_130447,ethmac,1.4,42,0.5,AREA 1,0,0,0,219,77,30,61,0.748443,-0.887816,1.70173,-0.15958,0,-252.42,0,9317,0.0707439,1179520,0.454314,737,431,591,dataset_root/graphs/raw_graphs/ethmac_run_20260126_130447_raw.pt,dataset_root/graphs/clustered_graphs/ethmac_run_20260126_130447_clustered.pt
127,ethmac_run_20260126_130447,ethmac,1.4,42,0.5,AREA 1,0,0,0,247,142,21,48,0.699913,-0.714112,1.71587,-0.166452,0,-326.534,0,9333,0.077321,1192180,0.461017,1090,642,591,dataset_root/graphs/raw_graphs/ethmac_run_20260126_130447_raw.pt,dataset_root/graphs/clustered_graphs/ethmac_run_20260126_130447_clustered.pt
128,ethmac_run_20260126_130447,ethmac,1.4,42,0.5,AREA 1,0,0,0,165,94,14,69,0.837716,-0.932059,1.70987,-0.380196,0,-349.743,0,9346,0.0689794,1189080,0.452509,987,43,591,dataset_root/graphs/raw_graphs/ethmac_run_20260126_130447_raw.pt,dataset_root/graphs/clustered_graphs/ethmac_run_20260126_130447_clustered.pt
129,ethmac_run_20260126_130447,ethmac,1.4,42,0.5,AREA 1,0,0,0,280,147,20,45,0.699076,-0.709446,1.70777,-0.309399,0,-344.086,0,9341,0.079371,1197940,0.463286,1302,694,591,dataset_root/graphs/raw_graphs/ethmac_run_20260126_130447_raw.pt,dataset_root/graphs/clustered_graphs/ethmac_run_20260126_130447_clustered.pt
130,ethmac_run_20260126_130447,ethmac,1.4,42,0.5,AREA 1,0,0,0,153,128,30,51,1.04504,-1.05894,1.70633,-0.205371,0,-307.514,0,9337,0.0758844,1190520,0.459442,997,575,591,dataset_root/graphs/raw_graphs/ethmac_run_20260126_130447_raw.pt,dataset_root/graphs/clustered_graphs/ethmac_run_20260126_130447_clustered.pt
131,ethmac_run_20260126_131119,ethmac,0.7,47,0.69,DELAY 0,1,0,1,262,112,18,41,0.702629,-0.681204,1.46052,-0.171012,0,-315.727,0,9320,0.084084,1109970,0.519106,1313,659,620,dataset_root/graphs/raw_graphs/ethmac_run_20260126_131119_raw.pt,dataset_root/graphs/clustered_graphs/ethmac_run_20260126_131119_clustered.pt
132,ethmac_run_20260126_131119,ethmac,0.7,47,0.69,DELAY 0,1,0,1,212,126,21,63,0.728679,-0.696482,1.46781,-0.168686,0,-272.368,0,9311,0.0703241,1086670,0.503044,719,121,620,dataset_root/graphs/raw_graphs/ethmac_run_20260126_131119_raw.pt,dataset_root/graphs/clustered_graphs/ethmac_run_20260126_131119_clustered.pt
133,ethmac_run_20260126_131119,ethmac,0.7,47,0.69,DELAY 0,1,0,1,267,76,18,43,0.846751,-0.800916,1.42917,-0.175977,0,-303.64,0,9326,0.0793032,1097420,0.513862,1102,589,620,dataset_root/graphs/raw_graphs/ethmac_run_20260126_131119_raw.pt,dataset_root/graphs/clustered_graphs/ethmac_run_20260126_131119_clustered.pt
134,ethmac_run_20260126_131119,ethmac,0.7,47,0.69,DELAY 0,1,0,1,182,125,29,61,1.05027,-0.896664,1.46071,-0.199194,0,-217.323,0,9276,0.0716022,1084390,0.504513,624,314,620,dataset_root/graphs/raw_graphs/ethmac_run_20260126_131119_raw.pt,dataset_root/graphs/clustered_graphs/ethmac_run_20260126_131119_clustered.pt
135,ethmac_run_20260126_131119,ethmac,0.7,47,0.69,DELAY 0,1,0,1,171,104,27,59,0.854731,-0.820968,1.4346,-0.219664,0,-228.116,0,9291,0.0727509,1087410,0.505855,709,322,620,dataset_root/graphs/raw_graphs/ethmac_run_20260126_131119_raw.pt,dataset_root/graphs/clustered_graphs/ethmac_run_20260126_131119_clustered.pt
136,ethmac_run_20260126_131119,ethmac,0.7,47,0.69,DELAY 0,1,0,1,215,75,27,63,0.890989,-0.728485,1.44893,-0.165549,0,-225.384,0,9290,0.0711664,1084870,0.504099,665,252,620,dataset_root/graphs/raw_graphs/ethmac_run_20260126_131119_raw.pt,dataset_root/graphs/clustered_graphs/ethmac_run_20260126_131119_clustered.pt
137,ethmac_run_20260126_131119,ethmac,0.7,47,0.69,DELAY 0,1,0,1,271,147,25,41,0.698516,-0.68265,1.45135,-0.171012,0,-312.139,0,9321,0.0838203,1108360,0.51878,1228,706,620,dataset_root/graphs/raw_graphs/ethmac_run_20260126_131119_raw.pt,dataset_root/graphs/clustered_graphs/ethmac_run_20260126_131119_clustered.pt
138,ethmac_run_20260126_131119,ethmac,0.7,47,0.69,DELAY 0,1,0,1,227,117,22,58,0.735478,-0.699135,1.463,-0.169198,0,-265.482,0,9303,0.0719356,1089710,0.504848,751,222,620,dataset_root/graphs/raw_graphs/ethmac_run_20260126_131119_raw.pt,dataset_root/graphs/clustered_graphs/ethmac_run_20260126_131119_clustered.pt
139,ethmac_run_20260126_131119,ethmac,0.7,47,0.69,DELAY 0,1,0,1,145,106,30,41,1.0553,-0.920199,1.45185,-0.263769,0,-312.791,0,9328,0.084404,1110710,0.519535,1317,679,620,dataset_root/graphs/raw_graphs/ethmac_run_20260126_131119_raw.pt,dataset_root/graphs/clustered_graphs/ethmac_run_20260126_131119_clustered.pt
140,ethmac_run_20260126_131119,ethmac,0.7,47,0.69,DELAY 0,1,0,1,177,141,23,41,0.865483,-0.844135,1.45136,-0.217235,0,-312.367,0,9323,0.083845,1108600,0.518813,1235,706,620,dataset_root/graphs/raw_graphs/ethmac_run_20260126_131119_raw.pt,dataset_root/graphs/clustered_graphs/ethmac_run_20260126_131119_clustered.pt
141,ethmac_run_20260126_131729,ethmac,0.7,53,0.62,DELAY 2,0,0,0,266,130,23,37,0.67817,-0.686215,0.873387,-0.174359,0,-330.264,0,9330,0.0854031,1185410,0.574459,1591,831,913,dataset_root/graphs/raw_graphs/ethmac_run_20260126_131729_raw.pt,dataset_root/graphs/clustered_graphs/ethmac_run_20260126_131729_clustered.pt
142,ethmac_run_20260126_131729,ethmac,0.7,53,0.62,DELAY 2,0,0,0,205,99,29,58,0.548969,-0.554533,0.869652,-0.161077,0,-214.867,0,9297,0.0700154,1159020,0.554756,683,401,913,dataset_root/graphs/raw_graphs/ethmac_run_20260126_131729_raw.pt,dataset_root/graphs/clustered_graphs/ethmac_run_20260126_131729_clustered.pt
143,ethmac_run_20260126_131729,ethmac,0.7,53,0.62,DELAY 2,0,0,0,260,141,22,47,0.718064,-0.726344,0.900285,-0.169618,0,-264.873,0,9325,0.0734095,1167170,0.559253,874,559,913,dataset_root/graphs/raw_graphs/ethmac_run_20260126_131729_raw.pt,dataset_root/graphs/clustered_graphs/ethmac_run_20260126_131729_clustered.pt
144,ethmac_run_20260126_131729,ethmac,0.7,53,0.62,DELAY 2,0,0,0,234,150,26,59,0.551039,-0.548697,0.866511,-0.159919,0,-224.348,0,9305,0.0702738,1161230,0.554892,700,349,913,dataset_root/graphs/raw_graphs/ethmac_run_20260126_131729_raw.pt,dataset_root/graphs/clustered_graphs/ethmac_run_20260126_131729_clustered.pt
145,ethmac_run_20260126_131729,ethmac,0.7,53,0.62,DELAY 2,0,0,0,246,87,27,47,0.737214,-0.756651,0.881006,-0.169632,0,-256.629,0,9322,0.0739369,1169120,0.559826,889,544,913,dataset_root/graphs/raw_graphs/ethmac_run_20260126_131729_raw.pt,dataset_root/graphs/clustered_graphs/ethmac_run_20260126_131729_clustered.pt
146,ethmac_run_20260126_131729,ethmac,0.7,53,0.62,DELAY 2,0,0,0,208,74,19,51,0.7327,-0.684825,0.886352,-0.170702,0,-279.825,0,9330,0.072946,1167320,0.558428,924,415,913,dataset_root/graphs/raw_graphs/ethmac_run_20260126_131729_raw.pt,dataset_root/graphs/clustered_graphs/ethmac_run_20260126_131729_clustered.pt
147,ethmac_run_20260126_131729,ethmac,0.7,53,0.62,DELAY 2,0,0,0,261,129,14,70,0.558073,-0.552766,0.859663,-0.164326,0,-316.782,0,9330,0.0695607,1170280,0.55408,953,34,913,dataset_root/graphs/raw_graphs/ethmac_run_20260126_131729_raw.pt,dataset_root/graphs/clustered_graphs/ethmac_run_20260126_131729_clustered.pt
148,ethmac_run_20260126_131729,ethmac,0.7,53,0.62,DELAY 2,0,0,0,268,76,22,69,0.570751,-0.5591,0.856113,-0.156918,0,-247.458,0,9313,0.0669833,1159910,0.550873,721,94,913,dataset_root/graphs/raw_graphs/ethmac_run_20260126_131729_raw.pt,dataset_root/graphs/clustered_graphs/ethmac_run_20260126_131729_clustered.pt
149,ethmac_run_20260126_131729,ethmac,0.7,53,0.62,DELAY 2,0,0,0,232,135,29,63,0.549246,-0.548346,0.876923,-0.159921,0,-209.47,0,9290,0.0704894,1160640,0.555066,686,350,913,dataset_root/graphs/raw_graphs/ethmac_run_20260126_131729_raw.pt,dataset_root/graphs/clustered_graphs/ethmac_run_20260126_131729_clustered.pt
150,ethmac_run_20260126_131729,ethmac,0.7,53,0.62,DELAY 2,0,0,0,137,111,15,56,0.750247,-0.684998,0.87605,-0.170246,0,-308.79,0,9335,0.0703607,1170160,0.555141,983,95,913,dataset_root/graphs/raw_graphs/ethmac_run_20260126_131729_raw.pt,dataset_root/graphs/clustered_graphs/ethmac_run_20260126_131729_clustered.pt
151,ethmac_run_20260126_132427,ethmac,1.4,57,0.69,AREA 1,1,1,1,244,118,24,55,0.727326,-0.710546,1.81484,-0.165634,0,-267.753,0,9317,0.0691365,1124590,0.609392,734,358,564,dataset_root/graphs/raw_graphs/ethmac_run_20260126_132427_raw.pt,dataset_root/graphs/clustered_graphs/ethmac_run_20260126_132427_clustered.pt
152,ethmac_run_20260126_132427,ethmac,1.4,57,0.69,AREA 1,1,1,1,245,149,26,55,0.711231,-0.692971,1.80305,-0.165282,0,-255.158,0,9314,0.0705786,1126560,0.611082,696,417,564,dataset_root/graphs/raw_graphs/ethmac_run_20260126_132427_raw.pt,dataset_root/graphs/clustered_graphs/ethmac_run_20260126_132427_clustered.pt
153,ethmac_run_20260126_132427,ethmac,1.4,57,0.69,AREA 1,1,1,1,157,74,12,50,1.0351,-1.06297,1.78105,-0.475649,0,-362.851,0,9338,0.0701505,1137560,0.610987,1130,63,564,dataset_root/graphs/raw_graphs/ethmac_run_20260126_132427_raw.pt,dataset_root/graphs/clustered_graphs/ethmac_run_20260126_132427_clustered.pt
154,ethmac_run_20260126_132427,ethmac,1.4,57,0.69,AREA 1,1,1,1,256,98,29,70,0.907709,-0.754047,1.81595,-0.286218,0,-228.899,0,9291,0.0679577,1118930,0.607503,588,320,564,dataset_root/graphs/raw_graphs/ethmac_run_20260126_132427_raw.pt,dataset_root/graphs/clustered_graphs/ethmac_run_20260126_132427_clustered.pt
155,ethmac_run_20260126_132427,ethmac,1.4,57,0.69,AREA 1,1,1,1,134,129,27,65,0.850831,-0.842008,1.83114,-0.224275,0,-241.224,0,9302,0.0683494,1124300,0.60804,703,241,564,dataset_root/graphs/raw_graphs/ethmac_run_20260126_132427_raw.pt,dataset_root/graphs/clustered_graphs/ethmac_run_20260126_132427_clustered.pt
156,ethmac_run_20260126_132427,ethmac,1.4,57,0.69,AREA 1,1,1,1,258,92,19,51,0.717598,-0.68714,1.80678,-0.173335,0,-305.861,0,9321,0.0712373,1132690,0.611998,896,292,564,dataset_root/graphs/raw_graphs/ethmac_run_20260126_132427_raw.pt,dataset_root/graphs/clustered_graphs/ethmac_run_20260126_132427_clustered.pt
157,ethmac_run_20260126_132427,ethmac,1.4,57,0.69,AREA 1,1,1,1,154,138,24,48,0.864513,-0.835888,1.82736,-0.214968,0,-276.118,0,9330,0.0717386,1129250,0.612888,784,482,564,dataset_root/graphs/raw_graphs/ethmac_run_20260126_132427_raw.pt,dataset_root/graphs/clustered_graphs/ethmac_run_20260126_132427_clustered.pt
158,ethmac_run_20260126_132427,ethmac,1.4,57,0.69,AREA 1,1,1,1,210,73,25,48,0.739832,-0.701891,1.83584,-0.167955,0,-268.024,0,9321,0.0711802,1129700,0.612413,813,470,564,dataset_root/graphs/raw_graphs/ethmac_run_20260126_132427_raw.pt,dataset_root/graphs/clustered_graphs/ethmac_run_20260126_132427_clustered.pt
159,ethmac_run_20260126_132427,ethmac,1.4,57,0.69,AREA 1,1,1,1,203,82,27,53,0.726018,-0.699631,1.8203,-0.178817,0,-253.151,0,9316,0.0714505,1129450,0.612321,754,438,564,dataset_root/graphs/raw_graphs/ethmac_run_20260126_132427_raw.pt,dataset_root/graphs/clustered_graphs/ethmac_run_20260126_132427_clustered.pt
160,ethmac_run_20260126_132427,ethmac,1.4,57,0.69,AREA 1,1,1,1,273,82,12,39,0.714145,-0.687187,1.76295,-0.172507,0,-363.021,0,9333,0.0775359,1149490,0.621334,1457,419,564,dataset_root/graphs/raw_graphs/ethmac_run_20260126_132427_raw.pt,dataset_root/graphs/clustered_graphs/ethmac_run_20260126_132427_clustered.pt
161,ethmac_run_20260126_133201,ethmac,0.7,58,0.73,DELAY 3,0,1,1,266,144,29,39,0.716184,-0.690819,1.60087,-0.194229,0,-285.092,0,9294,0.0783855,1104040,0.627547,1009,655,911,dataset_root/graphs/raw_graphs/ethmac_run_20260126_133201_raw.pt,dataset_root/graphs/clustered_graphs/ethmac_run_20260126_133201_clustered.pt
162,ethmac_run_20260126_133201,ethmac,0.7,58,0.73,DELAY 3,0,1,1,278,89,23,52,0.722989,-0.699335,1.57104,-0.165347,0,-249.592,0,9251,0.0711387,1093150,0.616945,774,277,911,dataset_root/graphs/raw_graphs/ethmac_run_20260126_133201_raw.pt,dataset_root/graphs/clustered_graphs/ethmac_run_20260126_133201_clustered.pt
163,ethmac_run_20260126_133201,ethmac,0.7,58,0.73,DELAY 3,0,1,1,270,109,26,56,0.571997,-0.564707,1.5772,-0.165568,0,-224.188,0,9207,0.0704787,1090110,0.615657,645,250,911,dataset_root/graphs/raw_graphs/ethmac_run_20260126_133201_raw.pt,dataset_root/graphs/clustered_graphs/ethmac_run_20260126_133201_clustered.pt
164,ethmac_run_20260126_133201,ethmac,0.7,58,0.73,DELAY 3,0,1,1,251,100,29,68,0.597548,-0.591322,1.56134,-0.157693,0,-203.682,0,9151,0.0687901,1081170,0.613477,553,268,911,dataset_root/graphs/raw_graphs/ethmac_run_20260126_133201_raw.pt,dataset_root/graphs/clustered_graphs/ethmac_run_20260126_133201_clustered.pt
165,ethmac_run_20260126_133201,ethmac,0.7,58,0.73,DELAY 3,0,1,1,173,99,19,54,0.706622,-0.700283,1.58013,-0.16652,0,-279.768,0,9284,0.0707079,1093370,0.616196,814,129,911,dataset_root/graphs/raw_graphs/ethmac_run_20260126_133201_raw.pt,dataset_root/graphs/clustered_graphs/ethmac_run_20260126_133201_clustered.pt
166,ethmac_run_20260126_133201,ethmac,0.7,58,0.73,DELAY 3,0,1,1,278,123,26,57,0.623322,-0.595305,1.5891,-0.166827,0,-223.855,0,9209,0.0691576,1086950,0.613993,629,239,911,dataset_root/graphs/raw_graphs/ethmac_run_20260126_133201_raw.pt,dataset_root/graphs/clustered_graphs/ethmac_run_20260126_133201_clustered.pt
167,ethmac_run_20260126_133201,ethmac,0.7,58,0.73,DELAY 3,0,1,1,180,133,30,53,0.726717,-0.689033,1.57911,-0.161715,0,-209.539,0,9191,0.0707123,1087500,0.616252,636,362,911,dataset_root/graphs/raw_graphs/ethmac_run_20260126_133201_raw.pt,dataset_root/graphs/clustered_graphs/ethmac_run_20260126_133201_clustered.pt
168,ethmac_run_20260126_133201,ethmac,0.7,58,0.73,DELAY 3,0,1,1,218,89,25,69,0.738411,-0.745691,1.56871,-0.160324,0,-227.835,0,9216,0.0666196,1081400,0.610421,569,73,911,dataset_root/graphs/raw_graphs/ethmac_run_20260126_133201_raw.pt,dataset_root/graphs/clustered_graphs/ethmac_run_20260126_133201_clustered.pt
169,ethmac_run_20260126_133201,ethmac,0.7,58,0.73,DELAY 3,0,1,1,265,117,25,67,0.595252,-0.575175,1.56817,-0.161167,0,-228.25,0,9214,0.0669823,1080760,0.610969,574,103,911,dataset_root/graphs/raw_graphs/ethmac_run_20260126_133201_raw.pt,dataset_root/graphs/clustered_graphs/ethmac_run_20260126_133201_clustered.pt
170,ethmac_run_20260126_133201,ethmac,0.7,58,0.73,DELAY 3,0,1,1,235,140,20,47,0.686559,-0.67878,1.57121,-0.166513,0,-273.933,0,9280,0.0739061,1096920,0.620625,837,358,911,dataset_root/graphs/raw_graphs/ethmac_run_20260126_133201_raw.pt,dataset_root/graphs/clustered_graphs/ethmac_run_20260126_133201_clustered.pt
171,ethmac_run_20260126_134014,ethmac,2.0,48,0.69,DELAY 2,0,0,1,256,109,26,49,0.721979,-0.716863,0.123259,-0.193709,0,-202.587,0,9254,0.0677294,1235850,0.501536,647,186,890,dataset_root/graphs/raw_graphs/ethmac_run_20260126_134014_raw.pt,dataset_root/graphs/clustered_graphs/ethmac_run_20260126_134014_clustered.pt
172,ethmac_run_20260126_134014,ethmac,2.0,48,0.69,DELAY 2,0,0,1,266,138,18,47,0.714468,-0.731021,0.133451,-0.166262,0,-267.777,0,9312,0.067253,1239780,0.501177,767,94,890,dataset_root/graphs/raw_graphs/ethmac_run_20260126_134014_raw.pt,dataset_root/graphs/clustered_graphs/ethmac_run_20260126_134014_clustered.pt
173,ethmac_run_20260126_134014,ethmac,2.0,48,0.69,DELAY 2,0,0,1,193,97,22,44,0.846529,-0.845906,0.232528,-0.179344,0,-237.385,0,9291,0.0701243,1241260,0.504347,787,281,890,dataset_root/graphs/raw_graphs/ethmac_run_20260126_134014_raw.pt,dataset_root/graphs/clustered_graphs/ethmac_run_20260126_134014_clustered.pt
174,ethmac_run_20260126_134014,ethmac,2.0,48,0.69,DELAY 2,0,0,1,182,105,19,48,0.703715,-0.697855,0.12572,-0.172145,0,-259.737,0,9314,0.0682779,1240500,0.502139,768,94,890,dataset_root/graphs/raw_graphs/ethmac_run_20260126_134014_raw.pt,dataset_root/graphs/clustered_graphs/ethmac_run_20260126_134014_clustered.pt
175,ethmac_run_20260126_134014,ethmac,2.0,48,0.69,DELAY 2,0,0,1,244,100,20,53,0.700116,-0.699154,0.135754,-0.171315,0,-250.283,0,9307,0.0669912,1238540,0.500758,720,52,890,dataset_root/graphs/raw_graphs/ethmac_run_20260126_134014_raw.pt,dataset_root/graphs/clustered_graphs/ethmac_run_20260126_134014_clustered.pt
176,ethmac_run_20260126_134014,ethmac,2.0,48,0.69,DELAY 2,0,0,1,264,149,23,50,0.705574,-0.705862,0.130615,-0.186316,0,-226.053,0,9284,0.0674241,1236240,0.501233,695,116,890,dataset_root/graphs/raw_graphs/ethmac_run_20260126_134014_raw.pt,dataset_root/graphs/clustered_graphs/ethmac_run_20260126_134014_clustered.pt
177,ethmac_run_20260126_134014,ethmac,2.0,48,0.69,DELAY 2,0,0,1,201,104,14,66,0.674414,-0.709266,0.153821,-0.168358,0,-301.289,0,9327,0.0691395,1247620,0.503265,934,29,890,dataset_root/graphs/raw_graphs/ethmac_run_20260126_134014_raw.pt,dataset_root/graphs/clustered_graphs/ethmac_run_20260126_134014_clustered.pt
178,ethmac_run_20260126_134014,ethmac,2.0,48,0.69,DELAY 2,0,0,1,160,118,27,54,1.13473,-1.09272,0.290797,-0.513401,0,-205.416,0,9278,0.0666805,1233190,0.50053,660,190,890,dataset_root/graphs/raw_graphs/ethmac_run_20260126_134014_raw.pt,dataset_root/graphs/clustered_graphs/ethmac_run_20260126_134014_clustered.pt
179,ethmac_run_20260126_134014,ethmac,2.0,48,0.69,DELAY 2,0,0,1,239,99,29,44,0.714934,-0.72714,0.126136,-0.197427,0,-191.411,0,9226,0.0702724,1237830,0.504511,672,362,890,dataset_root/graphs/raw_graphs/ethmac_run_20260126_134014_raw.pt,dataset_root/graphs/clustered_graphs/ethmac_run_20260126_134014_clustered.pt
180,ethmac_run_20260126_134014,ethmac,2.0,48,0.69,DELAY 2,0,0,1,250,75,21,60,0.726748,-0.755193,0.153678,-0.162871,0,-241.551,0,9296,0.0660178,1237400,0.499664,698,41,890,dataset_root/graphs/raw_graphs/ethmac_run_20260126_134014_raw.pt,dataset_root/graphs/clustered_graphs/ethmac_run_20260126_134014_clustered.pt
181,ethmac_run_20260126_134714,ethmac,1.4,51,0.72,DELAY 0,1,0,1,154,118,18,57,0.860834,-0.861728,1.64387,-0.300753,0,-290.095,0,9307,0.0703032,1080980,0.544758,788,84,614,dataset_root/graphs/raw_graphs/ethmac_run_20260126_134714_raw.pt,dataset_root/graphs/clustered_graphs/ethmac_run_20260126_134714_clustered.pt
182,ethmac_run_20260126_134714,ethmac,1.4,51,0.72,DELAY 0,1,0,1,210,124,26,67,0.862001,-0.632396,1.41886,-0.179729,0,-221.278,0,9242,0.0680299,1069540,0.541684,540,99,614,dataset_root/graphs/raw_graphs/ethmac_run_20260126_134714_raw.pt,dataset_root/graphs/clustered_graphs/ethmac_run_20260126_134714_clustered.pt
183,ethmac_run_20260126_134714,ethmac,1.4,51,0.72,DELAY 0,1,0,1,180,102,24,57,0.76229,-0.585105,1.38618,-0.180318,0,-241.182,0,9261,0.0708863,1077210,0.545258,700,189,614,dataset_root/graphs/raw_graphs/ethmac_run_20260126_134714_raw.pt,dataset_root/graphs/clustered_graphs/ethmac_run_20260126_134714_clustered.pt
184,ethmac_run_20260126_134714,ethmac,1.4,51,0.72,DELAY 0,1,0,1,225,78,13,44,0.857859,-0.813415,1.39994,-0.408104,0,-330.475,0,9325,0.0736032,1090220,0.549071,1066,94,614,dataset_root/graphs/raw_graphs/ethmac_run_20260126_134714_raw.pt,dataset_root/graphs/clustered_graphs/ethmac_run_20260126_134714_clustered.pt
185,ethmac_run_20260126_134714,ethmac,1.4,51,0.72,DELAY 0,1,0,1,137,100,22,47,1.23828,-1.20399,1.15326,-0.384931,0,-268.846,0,9324,0.0743707,1083670,0.549841,859,375,614,dataset_root/graphs/raw_graphs/ethmac_run_20260126_134714_raw.pt,dataset_root/graphs/clustered_graphs/ethmac_run_20260126_134714_clustered.pt
186,ethmac_run_20260126_134714,ethmac,1.4,51,0.72,DELAY 0,1,0,1,216,138,25,46,0.744777,-0.578663,1.38162,-0.186069,0,-242.236,0,9265,0.0750967,1084500,0.550567,750,434,614,dataset_root/graphs/raw_graphs/ethmac_run_20260126_134714_raw.pt,dataset_root/graphs/clustered_graphs/ethmac_run_20260126_134714_clustered.pt
187,ethmac_run_20260126_134714,ethmac,1.4,51,0.72,DELAY 0,1,0,1,172,120,20,54,0.735933,-0.750467,1.48318,-0.358326,0,-275.696,0,9295,0.0710317,1080600,0.54563,757,182,614,dataset_root/graphs/raw_graphs/ethmac_run_20260126_134714_raw.pt,dataset_root/graphs/clustered_graphs/ethmac_run_20260126_134714_clustered.pt
188,ethmac_run_20260126_134714,ethmac,1.4,51,0.72,DELAY 0,1,0,1,220,70,19,45,0.779077,-0.596983,1.3806,-0.18792,0,-283.518,0,9304,0.0744462,1085390,0.549963,919,292,614,dataset_root/graphs/raw_graphs/ethmac_run_20260126_134714_raw.pt,dataset_root/graphs/clustered_graphs/ethmac_run_20260126_134714_clustered.pt
189,ethmac_run_20260126_134714,ethmac,1.4,51,0.72,DELAY 0,1,0,1,261,90,21,56,0.715928,-0.603173,1.42051,-0.165132,0,-265.091,0,9287,0.0717634,1083420,0.546203,754,139,614,dataset_root/graphs/raw_graphs/ethmac_run_20260126_134714_raw.pt,dataset_root/graphs/clustered_graphs/ethmac_run_20260126_134714_clustered.pt
190,ethmac_run_20260126_134714,ethmac,1.4,51,0.72,DELAY 0,1,0,1,271,110,21,39,0.764868,-0.784454,1.35101,-0.329569,0,-285.24,0,9296,0.0789232,1090720,0.55586,999,652,614,dataset_root/graphs/raw_graphs/ethmac_run_20260126_134714_raw.pt,dataset_root/graphs/clustered_graphs/ethmac_run_20260126_134714_clustered.pt
191,ethmac_run_20260126_135322,ethmac,1.4,48,0.6,DELAY 2,1,1,1,259,108,15,67,0.726172,-0.566107,0.879209,-0.166974,0,-303.12,0,9306,0.0683861,1287900,0.50341,901,43,927,dataset_root/graphs/raw_graphs/ethmac_run_20260126_135322_raw.pt,dataset_root/graphs/clustered_graphs/ethmac_run_20260126_135322_clustered.pt
192,ethmac_run_20260126_135322,ethmac,1.4,48,0.6,DELAY 2,1,1,1,207,148,16,46,0.71361,-0.718409,0.881792,-0.199893,0,-299.352,0,9309,0.0750066,1291750,0.510822,1095,352,927,dataset_root/graphs/raw_graphs/ethmac_run_20260126_135322_raw.pt,dataset_root/graphs/clustered_graphs/ethmac_run_20260126_135322_clustered.pt
193,ethmac_run_20260126_135322,ethmac,1.4,48,0.6,DELAY 2,1,1,1,156,126,26,69,0.964959,-0.969352,0.997574,-0.26219,0,-212.956,0,9275,0.0677902,1277290,0.502535,678,193,927,dataset_root/graphs/raw_graphs/ethmac_run_20260126_135322_raw.pt,dataset_root/graphs/clustered_graphs/ethmac_run_20260126_135322_clustered.pt
194,ethmac_run_20260126_135322,ethmac,1.4,48,0.6,DELAY 2,1,1,1,171,124,14,69,0.803263,-0.886582,0.906144,-0.164571,0,-311.769,0,9312,0.0688148,1287700,0.503916,936,57,927,dataset_root/graphs/raw_graphs/ethmac_run_20260126_135322_raw.pt,dataset_root/graphs/clustered_graphs/ethmac_run_20260126_135322_clustered.pt
195,ethmac_run_20260126_135322,ethmac,1.4,48,0.6,DELAY 2,1,1,1,152,78,21,64,0.802964,-0.811132,0.868351,-0.17825,0,-253.633,0,9294,0.0683352,1282330,0.503245,787,148,927,dataset_root/graphs/raw_graphs/ethmac_run_20260126_135322_raw.pt,dataset_root/graphs/clustered_graphs/ethmac_run_20260126_135322_clustered.pt
196,ethmac_run_20260126_135322,ethmac,1.4,48,0.6,DELAY 2,1,1,1,253,102,13,44,0.732899,-0.785424,0.895839,-0.157123,0,-321.484,0,9327,0.0739616,1292180,0.51007,1231,257,927,dataset_root/graphs/raw_graphs/ethmac_run_20260126_135322_raw.pt,dataset_root/graphs/clustered_graphs/ethmac_run_20260126_135322_clustered.pt
197,ethmac_run_20260126_135322,ethmac,1.4,48,0.6,DELAY 2,1,1,1,266,133,26,42,0.737664,-0.758999,0.876362,-0.168276,0,-293.911,0,9313,0.0782812,1291400,0.514865,1124,698,927,dataset_root/graphs/raw_graphs/ethmac_run_20260126_135322_raw.pt,dataset_root/graphs/clustered_graphs/ethmac_run_20260126_135322_clustered.pt
198,ethmac_run_20260126_135322,ethmac,1.4,48,0.6,DELAY 2,1,1,1,258,150,27,55,0.724974,-0.703246,0.869441,-0.18302,0,-222.263,0,9270,0.0717551,1282810,0.507103,738,421,927,dataset_root/graphs/raw_graphs/ethmac_run_20260126_135322_raw.pt,dataset_root/graphs/clustered_graphs/ethmac_run_20260126_135322_clustered.pt
199,ethmac_run_20260126_135322,ethmac,1.4,48,0.6,DELAY 2,1,1,1,158,128,16,40,0.78009,-0.810929,1.00917,-0.167408,0,-311.657,0,9321,0.0821658,1303330,0.519249,1439,669,927,dataset_root/graphs/raw_graphs/ethmac_run_20260126_135322_raw.pt,dataset_root/graphs/clustered_graphs/ethmac_run_20260126_135322_clustered.pt
200,ethmac_run_20260126_135322,ethmac,1.4,48,0.6,DELAY 2,1,1,1,217,107,16,49,0.720636,-0.752632,0.88183,-0.196427,0,-296.827,0,9308,0.0713001,1288280,0.50687,1022,199,927,dataset_root/graphs/raw_graphs/ethmac_run_20260126_135322_raw.pt,dataset_root/graphs/clustered_graphs/ethmac_run_20260126_135322_clustered.pt
201,ethmac_run_20260126_142506,ethmac,0.7,58,0.66,AREA 2,0,1,1,216,90,15,42,0.682794,-0.693526,0.775221,-0.184637,0,-345.855,0,9360,0.0761665,1047670,0.624597,1200,396,556,dataset_root/graphs/raw_graphs/ethmac_run_20260126_142506_raw.pt,dataset_root/graphs/clustered_graphs/ethmac_run_20260126_142506_clustered.pt
202,ethmac_run_20260126_142506,ethmac,0.7,58,0.66,AREA 2,0,1,1,169,113,23,65,0.719536,-0.749463,0.791731,-0.243422,0,-275.75,0,9347,0.0659174,1030760,0.610266,661,113,556,dataset_root/graphs/raw_graphs/ethmac_run_20260126_142506_raw.pt,dataset_root/graphs/clustered_graphs/ethmac_run_20260126_142506_clustered.pt
203,ethmac_run_20260126_142506,ethmac,0.7,58,0.66,AREA 2,0,1,1,240,96,25,54,0.554443,-0.553688,0.775767,-0.177211,0,-268.381,0,9342,0.0697043,1033930,0.615702,729,392,556,dataset_root/graphs/raw_graphs/ethmac_run_20260126_142506_raw.pt,dataset_root/graphs/clustered_graphs/ethmac_run_20260126_142506_clustered.pt
204,ethmac_run_20260126_142506,ethmac,0.7,58,0.66,AREA 2,0,1,1,137,147,22,43,1.08041,-1.1644,0.614655,-0.22956,0,-313.085,0,9366,0.0751064,1043450,0.623392,955,636,556,dataset_root/graphs/raw_graphs/ethmac_run_20260126_142506_raw.pt,dataset_root/graphs/clustered_graphs/ethmac_run_20260126_142506_clustered.pt
205,ethmac_run_20260126_142506,ethmac,0.7,58,0.66,AREA 2,0,1,1,132,140,17,37,1.06088,-1.18321,0.949254,-0.409425,0,-362.881,0,9389,0.0811588,1057250,0.6325,1498,785,556,dataset_root/graphs/raw_graphs/ethmac_run_20260126_142506_raw.pt,dataset_root/graphs/clustered_graphs/ethmac_run_20260126_142506_clustered.pt
206,ethmac_run_20260126_142506,ethmac,0.7,58,0.66,AREA 2,0,1,1,196,130,14,61,0.854396,-0.885253,0.970688,-0.216688,0,-351.452,0,9357,0.0689006,1042620,0.614477,940,41,556,dataset_root/graphs/raw_graphs/ethmac_run_20260126_142506_raw.pt,dataset_root/graphs/clustered_graphs/ethmac_run_20260126_142506_clustered.pt
207,ethmac_run_20260126_142506,ethmac,0.7,58,0.66,AREA 2,0,1,1,144,81,21,59,0.889722,-0.866042,0.811125,-0.346024,0,-293.655,0,9350,0.067888,1034450,0.61315,794,175,556,dataset_root/graphs/raw_graphs/ethmac_run_20260126_142506_raw.pt,dataset_root/graphs/clustered_graphs/ethmac_run_20260126_142506_clustered.pt
208,ethmac_run_20260126_142506,ethmac,0.7,58,0.66,AREA 2,0,1,1,194,88,30,42,0.820662,-0.696081,0.783571,-0.204265,0,-319.045,0,9353,0.0766809,1046980,0.625634,1042,662,556,dataset_root/graphs/raw_graphs/ethmac_run_20260126_142506_raw.pt,dataset_root/graphs/clustered_graphs/ethmac_run_20260126_142506_clustered.pt
209,ethmac_run_20260126_142506,ethmac,0.7,58,0.66,AREA 2,0,1,1,132,139,22,50,0.919768,-0.962407,0.786561,-0.193355,0,-290.493,0,9346,0.0713711,1037760,0.61792,807,439,556,dataset_root/graphs/raw_graphs/ethmac_run_20260126_142506_raw.pt,dataset_root/graphs/clustered_graphs/ethmac_run_20260126_142506_clustered.pt
210,ethmac_run_20260126_142506,ethmac,0.7,58,0.66,AREA 2,0,1,1,146,83,26,61,0.667675,-0.655583,0.796222,-0.249717,0,-253.876,0,9338,0.0687263,1033820,0.614023,698,261,556,dataset_root/graphs/raw_graphs/ethmac_run_20260126_142506_raw.pt,dataset_root/graphs/clustered_graphs/ethmac_run_20260126_142506_clustered.pt
211,ethmac_run_20260126_143647,ethmac,0.7,43,0.65,DELAY 2,0,1,1,152,87,27,59,0.731622,-0.680216,1.70269,-0.200607,0,-209.68,0,9276,0.0691938,1156270,0.452612,707,336,904,dataset_root/graphs/raw_graphs/ethmac_run_20260126_143647_raw.pt,dataset_root/graphs/clustered_graphs/ethmac_run_20260126_143647_clustered.pt
212,ethmac_run_20260126_143647,ethmac,0.7,43,0.65,DELAY 2,0,1,1,208,134,25,70,0.939553,-0.945983,1.81864,-0.441549,0,-220.284,0,9317,0.0660132,1149120,0.449297,604,151,904,dataset_root/graphs/raw_graphs/ethmac_run_20260126_143647_raw.pt,dataset_root/graphs/clustered_graphs/ethmac_run_20260126_143647_clustered.pt
213,ethmac_run_20260126_143647,ethmac,0.7,43,0.65,DELAY 2,0,1,1,186,99,22,37,0.817342,-0.685948,1.71363,-0.178919,0,-317.623,0,9340,0.0845477,1182320,0.468596,1514,859,904,dataset_root/graphs/raw_graphs/ethmac_run_20260126_143647_raw.pt,dataset_root/graphs/clustered_graphs/ethmac_run_20260126_143647_clustered.pt
214,ethmac_run_20260126_143647,ethmac,0.7,43,0.65,DELAY 2,0,1,1,270,119,23,61,0.701854,-0.695722,1.71249,-0.204562,0,-236.829,0,9308,0.0697498,1158440,0.452839,748,225,904,dataset_root/graphs/raw_graphs/ethmac_run_20260126_143647_raw.pt,dataset_root/graphs/clustered_graphs/ethmac_run_20260126_143647_clustered.pt
215,ethmac_run_20260126_143647,ethmac,0.7,43,0.65,DELAY 2,0,1,1,150,121,24,64,0.825633,-0.862162,1.69546,-0.216055,0,-228.401,0,9307,0.0684884,1156720,0.451739,720,195,904,dataset_root/graphs/raw_graphs/ethmac_run_20260126_143647_raw.pt,dataset_root/graphs/clustered_graphs/ethmac_run_20260126_143647_clustered.pt
216,ethmac_run_20260126_143647,ethmac,0.7,43,0.65,DELAY 2,0,1,1,234,89,19,51,0.728419,-0.691122,1.69572,-0.239984,0,-271.988,0,9327,0.0718995,1164040,0.455319,920,335,904,dataset_root/graphs/raw_graphs/ethmac_run_20260126_143647_raw.pt,dataset_root/graphs/clustered_graphs/ethmac_run_20260126_143647_clustered.pt
217,ethmac_run_20260126_143647,ethmac,0.7,43,0.65,DELAY 2,0,1,1,259,129,28,54,0.716283,-0.665084,1.69567,-0.186833,0,-222.236,0,9295,0.0715341,1159220,0.454986,744,438,904,dataset_root/graphs/raw_graphs/ethmac_run_20260126_143647_raw.pt,dataset_root/graphs/clustered_graphs/ethmac_run_20260126_143647_clustered.pt
218,ethmac_run_20260126_143647,ethmac,0.7,43,0.65,DELAY 2,0,1,1,132,75,26,46,1.14551,-1.12637,1.79254,-0.33441,0,-268.114,0,9348,0.0746862,1166910,0.45842,1031,558,904,dataset_root/graphs/raw_graphs/ethmac_run_20260126_143647_raw.pt,dataset_root/graphs/clustered_graphs/ethmac_run_20260126_143647_clustered.pt
219,ethmac_run_20260126_143647,ethmac,0.7,43,0.65,DELAY 2,0,1,1,172,122,25,58,0.720247,-0.659197,1.70552,-0.182332,0,-224.315,0,9301,0.0701575,1157720,0.453458,733,330,904,dataset_root/graphs/raw_graphs/ethmac_run_20260126_143647_raw.pt,dataset_root/graphs/clustered_graphs/ethmac_run_20260126_143647_clustered.pt
220,ethmac_run_20260126_143647,ethmac,0.7,43,0.65,DELAY 2,0,1,1,176,131,17,40,0.68776,-0.672533,1.71588,-0.175969,0,-308.876,0,9339,0.0816982,1178150,0.465553,1376,707,904,dataset_root/graphs/raw_graphs/ethmac_run_20260126_143647_raw.pt,dataset_root/graphs/clustered_graphs/ethmac_run_20260126_143647_clustered.pt
221,ethmac_run_20260126_144830,ethmac,1.0,67,0.73,DELAY 2,1,1,1,279,93,30,50,0.720486,-0.723315,1.03052,-0.164145,0,-264.34,0,9309,0.0740646,1162180,0.704234,934,550,908,dataset_root/graphs/raw_graphs/ethmac_run_20260126_144830_raw.pt,dataset_root/graphs/clustered_graphs/ethmac_run_20260126_144830_clustered.pt
222,ethmac_run_20260126_144830,ethmac,1.0,67,0.73,DELAY 2,1,1,1,146,108,20,55,0.68698,-0.530283,1.03983,-0.164194,0,-270.467,0,9312,0.0718077,1160000,0.700558,895,428,908,dataset_root/graphs/raw_graphs/ethmac_run_20260126_144830_raw.pt,dataset_root/graphs/clustered_graphs/ethmac_run_20260126_144830_clustered.pt
223,ethmac_run_20260126_144830,ethmac,1.0,67,0.73,DELAY 2,1,1,1,229,98,26,55,0.688126,-0.54646,1.03715,-0.161401,0,-243.425,0,9296,0.0721163,1158290,0.701073,832,477,908,dataset_root/graphs/raw_graphs/ethmac_run_20260126_144830_raw.pt,dataset_root/graphs/clustered_graphs/ethmac_run_20260126_144830_clustered.pt
224,ethmac_run_20260126_144830,ethmac,1.0,67,0.73,DELAY 2,1,1,1,235,80,28,55,0.695115,-0.547162,1.0297,-0.1614,0,-243.008,0,9294,0.072134,1156880,0.701139,827,480,908,dataset_root/graphs/raw_graphs/ethmac_run_20260126_144830_raw.pt,dataset_root/graphs/clustered_graphs/ethmac_run_20260126_144830_clustered.pt
225,ethmac_run_20260126_144830,ethmac,1.0,67,0.73,DELAY 2,1,1,1,213,150,25,42,0.681107,-0.671883,1.0123,-0.169678,0,-318.872,0,9323,0.0830832,1181610,0.718706,1506,728,908,dataset_root/graphs/raw_graphs/ethmac_run_20260126_144830_raw.pt,dataset_root/graphs/clustered_graphs/ethmac_run_20260126_144830_clustered.pt
226,ethmac_run_20260126_144830,ethmac,1.0,67,0.73,DELAY 2,1,1,1,170,117,19,55,0.802231,-0.803889,0.908104,-0.164835,0,-277.89,0,9318,0.0718728,1159800,0.700487,902,404,908,dataset_root/graphs/raw_graphs/ethmac_run_20260126_144830_raw.pt,dataset_root/graphs/clustered_graphs/ethmac_run_20260126_144830_clustered.pt
227,ethmac_run_20260126_144830,ethmac,1.0,67,0.73,DELAY 2,1,1,1,178,148,24,62,0.573582,-0.559892,1.04533,-0.18305,0,-236.996,0,9290,0.0704416,1155820,0.698006,746,344,908,dataset_root/graphs/raw_graphs/ethmac_run_20260126_144830_raw.pt,dataset_root/graphs/clustered_graphs/ethmac_run_20260126_144830_clustered.pt
228,ethmac_run_20260126_144830,ethmac,1.0,67,0.73,DELAY 2,1,1,1,239,87,16,69,0.692103,-0.692228,1.03454,-0.1669,0,-298.122,0,9318,0.0677598,1157510,0.694141,863,68,908,dataset_root/graphs/raw_graphs/ethmac_run_20260126_144830_raw.pt,dataset_root/graphs/clustered_graphs/ethmac_run_20260126_144830_clustered.pt
229,ethmac_run_20260126_144830,ethmac,1.0,67,0.73,DELAY 2,1,1,1,216,94,16,44,0.685096,-0.666947,1.02442,-0.167632,0,-313.633,0,9325,0.0804531,1179360,0.714718,1466,621,908,dataset_root/graphs/raw_graphs/ethmac_run_20260126_144830_raw.pt,dataset_root/graphs/clustered_graphs/ethmac_run_20260126_144830_clustered.pt
230,ethmac_run_20260126_144830,ethmac,1.0,67,0.73,DELAY 2,1,1,1,155,133,27,54,0.836332,-0.838017,0.855716,-0.171555,0,-244.427,0,9324,0.0719222,1156880,0.700837,820,491,908,dataset_root/graphs/raw_graphs/ethmac_run_20260126_144830_raw.pt,dataset_root/graphs/clustered_graphs/ethmac_run_20260126_144830_clustered.pt
231,ethmac_run_20260126_145955,ethmac,2.0,64,0.79,DELAY 2,1,1,1,135,124,28,46,0.857848,-0.850207,1.89392,-0.27947,0,-214.027,0,9228,0.0693434,1126370,0.663844,696,311,879,dataset_root/graphs/raw_graphs/ethmac_run_20260126_145955_raw.pt,dataset_root/graphs/clustered_graphs/ethmac_run_20260126_145955_clustered.pt
232,ethmac_run_20260126_145955,ethmac,2.0,64,0.79,DELAY 2,1,1,1,150,71,26,59,1.14984,-1.1352,1.76708,-0.555484,0,-228.745,0,9283,0.0654205,1123020,0.658073,688,106,879,dataset_root/graphs/raw_graphs/ethmac_run_20260126_145955_raw.pt,dataset_root/graphs/clustered_graphs/ethmac_run_20260126_145955_clustered.pt
233,ethmac_run_20260126_145955,ethmac,2.0,64,0.79,DELAY 2,1,1,1,140,98,26,60,1.10248,-1.07985,1.97101,-0.340741,0,-224.034,0,9263,0.0653147,1121820,0.657805,644,108,879,dataset_root/graphs/raw_graphs/ethmac_run_20260126_145955_raw.pt,dataset_root/graphs/clustered_graphs/ethmac_run_20260126_145955_clustered.pt
234,ethmac_run_20260126_145955,ethmac,2.0,64,0.79,DELAY 2,1,1,1,248,116,12,42,0.714755,-0.720363,1.77323,-0.250622,0,-336.097,0,9316,0.0707866,1142940,0.666193,1091,45,879,dataset_root/graphs/raw_graphs/ethmac_run_20260126_145955_raw.pt,dataset_root/graphs/clustered_graphs/ethmac_run_20260126_145955_clustered.pt
235,ethmac_run_20260126_145955,ethmac,2.0,64,0.79,DELAY 2,1,1,1,158,133,26,64,1.12999,-1.04562,1.85754,-0.507114,0,-223.116,0,9259,0.0642337,1117730,0.656121,574,57,879,dataset_root/graphs/raw_graphs/ethmac_run_20260126_145955_raw.pt,dataset_root/graphs/clustered_graphs/ethmac_run_20260126_145955_clustered.pt
236,ethmac_run_20260126_145955,ethmac,2.0,64,0.79,DELAY 2,1,1,1,137,92,29,52,1.32168,-1.12615,1.51114,-0.361839,0,-213.855,0,9286,0.0677269,1125810,0.661516,698,277,879,dataset_root/graphs/raw_graphs/ethmac_run_20260126_145955_raw.pt,dataset_root/graphs/clustered_graphs/ethmac_run_20260126_145955_clustered.pt
237,ethmac_run_20260126_145955,ethmac,2.0,64,0.79,DELAY 2,1,1,1,158,88,16,49,0.726373,-0.817742,1.76335,-0.252785,0,-303.59,0,9305,0.0686981,1134820,0.662861,892,51,879,dataset_root/graphs/raw_graphs/ethmac_run_20260126_145955_raw.pt,dataset_root/graphs/clustered_graphs/ethmac_run_20260126_145955_clustered.pt
238,ethmac_run_20260126_145955,ethmac,2.0,64,0.79,DELAY 2,1,1,1,218,123,18,66,0.703107,-0.550144,1.77148,-0.182598,0,-286.334,0,9289,0.0671708,1130460,0.660491,780,34,879,dataset_root/graphs/raw_graphs/ethmac_run_20260126_145955_raw.pt,dataset_root/graphs/clustered_graphs/ethmac_run_20260126_145955_clustered.pt
239,ethmac_run_20260126_145955,ethmac,2.0,64,0.79,DELAY 2,1,1,1,262,106,30,56,0.808162,-0.64799,1.75633,-0.168406,0,-199.748,0,9199,0.0673416,1120680,0.660819,558,314,879,dataset_root/graphs/raw_graphs/ethmac_run_20260126_145955_raw.pt,dataset_root/graphs/clustered_graphs/ethmac_run_20260126_145955_clustered.pt
240,ethmac_run_20260126_145955,ethmac,2.0,64,0.79,DELAY 2,1,1,1,152,97,30,42,0.851889,-0.6995,1.75888,-0.236325,0,-224.726,0,9228,0.0714516,1133730,0.667085,748,418,879,dataset_root/graphs/raw_graphs/ethmac_run_20260126_145955_raw.pt,dataset_root/graphs/clustered_graphs/ethmac_run_20260126_145955_clustered.pt
241,ethmac_run_20260126_151127,ethmac,1.0,42,0.54,AREA 0,1,0,0,149,115,23,69,1.1564,-1.09101,1.43971,-0.565318,0,-288.807,0,9342,0.070252,1196130,0.457268,836,385,556,dataset_root/graphs/raw_graphs/ethmac_run_20260126_151127_raw.pt,dataset_root/graphs/clustered_graphs/ethmac_run_20260126_151127_clustered.pt
242,ethmac_run_20260126_151127,ethmac,1.0,42,0.54,AREA 0,1,0,0,193,134,14,41,0.989455,-0.978724,1.27412,-0.269587,0,-387.126,0,9354,0.0914287,1221830,0.479378,1999,963,556,dataset_root/graphs/raw_graphs/ethmac_run_20260126_151127_raw.pt,dataset_root/graphs/clustered_graphs/ethmac_run_20260126_151127_clustered.pt
243,ethmac_run_20260126_151127,ethmac,1.0,42,0.54,AREA 0,1,0,0,141,94,18,47,1.03388,-0.902275,1.4499,-0.35741,0,-367.205,0,9360,0.0855801,1220770,0.473257,1645,842,556,dataset_root/graphs/raw_graphs/ethmac_run_20260126_151127_raw.pt,dataset_root/graphs/clustered_graphs/ethmac_run_20260126_151127_clustered.pt
244,ethmac_run_20260126_151127,ethmac,1.0,42,0.54,AREA 0,1,0,0,139,101,14,59,1.6058,-1.40766,1.36937,-0.497562,0,-366.149,0,9381,0.0721147,1208090,0.459473,1233,235,556,dataset_root/graphs/raw_graphs/ethmac_run_20260126_151127_raw.pt,dataset_root/graphs/clustered_graphs/ethmac_run_20260126_151127_clustered.pt
245,ethmac_run_20260126_151127,ethmac,1.0,42,0.54,AREA 0,1,0,0,264,122,30,36,0.725059,-0.787811,1.44621,-0.174446,0,-395.302,0,9356,0.0951764,1225120,0.483323,2267,988,556,dataset_root/graphs/raw_graphs/ethmac_run_20260126_151127_raw.pt,dataset_root/graphs/clustered_graphs/ethmac_run_20260126_151127_clustered.pt
246,ethmac_run_20260126_151127,ethmac,1.0,42,0.54,AREA 0,1,0,0,229,85,15,64,0.745134,-0.594372,1.44057,-0.172489,0,-344.806,0,9343,0.0695076,1202360,0.456498,1005,120,556,dataset_root/graphs/raw_graphs/ethmac_run_20260126_151127_raw.pt,dataset_root/graphs/clustered_graphs/ethmac_run_20260126_151127_clustered.pt
247,ethmac_run_20260126_151127,ethmac,1.0,42,0.54,AREA 0,1,0,0,228,143,15,69,0.728763,-0.709743,1.45722,-0.172083,0,-345.526,0,9343,0.0693029,1200000,0.456189,952,93,556,dataset_root/graphs/raw_graphs/ethmac_run_20260126_151127_raw.pt,dataset_root/graphs/clustered_graphs/ethmac_run_20260126_151127_clustered.pt
248,ethmac_run_20260126_151127,ethmac,1.0,42,0.54,AREA 0,1,0,0,196,127,22,51,0.712173,-0.660533,1.45095,-0.28921,0,-350.786,0,9347,0.0818464,1212500,0.469239,1395,721,556,dataset_root/graphs/raw_graphs/ethmac_run_20260126_151127_raw.pt,dataset_root/graphs/clustered_graphs/ethmac_run_20260126_151127_clustered.pt
249,ethmac_run_20260126_151127,ethmac,1.0,42,0.54,AREA 0,1,0,0,185,107,27,43,0.750624,-0.803013,1.43817,-0.176461,0,-380.063,0,9356,0.0897702,1221970,0.477635,1873,950,556,dataset_root/graphs/raw_graphs/ethmac_run_20260126_151127_raw.pt,dataset_root/graphs/clustered_graphs/ethmac_run_20260126_151127_clustered.pt
250,ethmac_run_20260126_151127,ethmac,1.0,42,0.54,AREA 0,1,0,0,200,70,17,57,0.95169,-0.959604,1.45944,-0.171328,0,-334.225,0,9352,0.075445,1202670,0.462732,1161,485,556,dataset_root/graphs/raw_graphs/ethmac_run_20260126_151127_raw.pt,dataset_root/graphs/clustered_graphs/ethmac_run_20260126_151127_clustered.pt
251,ethmac_run_20260126_152109,ethmac,2.0,50,0.59,DELAY 3,0,0,0,173,133,22,51,0.803041,-0.894111,1.18675,-0.252992,0,-266.485,0,9292,0.0721214,1156930,0.53543,771,304,945,dataset_root/graphs/raw_graphs/ethmac_run_20260126_152109_raw.pt,dataset_root/graphs/clustered_graphs/ethmac_run_20260126_152109_clustered.pt
252,ethmac_run_20260126_152109,ethmac,2.0,50,0.59,DELAY 3,0,0,0,181,80,23,41,0.712272,-0.711483,1.22262,-0.211598,0,-272.819,0,9292,0.0755718,1161580,0.540022,885,532,945,dataset_root/graphs/raw_graphs/ethmac_run_20260126_152109_raw.pt,dataset_root/graphs/clustered_graphs/ethmac_run_20260126_152109_clustered.pt
253,ethmac_run_20260126_152109,ethmac,2.0,50,0.59,DELAY 3,0,0,0,181,129,22,67,0.564994,-0.557211,1.18194,-0.174076,0,-260.212,0,9265,0.0680666,1154190,0.530392,643,67,945,dataset_root/graphs/raw_graphs/ethmac_run_20260126_152109_raw.pt,dataset_root/graphs/clustered_graphs/ethmac_run_20260126_152109_clustered.pt
254,ethmac_run_20260126_152109,ethmac,2.0,50,0.59,DELAY 3,0,0,0,178,103,26,40,0.841195,-0.804506,1.18882,-0.20548,0,-276.559,0,9293,0.0769523,1163920,0.541713,933,587,945,dataset_root/graphs/raw_graphs/ethmac_run_20260126_152109_raw.pt,dataset_root/graphs/clustered_graphs/ethmac_run_20260126_152109_clustered.pt
255,ethmac_run_20260126_152109,ethmac,2.0,50,0.59,DELAY 3,0,0,0,206,131,17,40,0.720632,-0.730684,1.19471,-0.197416,0,-309.028,0,9321,0.0764365,1164540,0.54098,1054,415,945,dataset_root/graphs/raw_graphs/ethmac_run_20260126_152109_raw.pt,dataset_root/graphs/clustered_graphs/ethmac_run_20260126_152109_clustered.pt
256,ethmac_run_20260126_152109,ethmac,2.0,50,0.59,DELAY 3,0,0,0,174,147,23,35,0.683224,-0.701157,1.19086,-0.197046,0,-326.148,0,9335,0.083709,1175070,0.549878,1350,666,945,dataset_root/graphs/raw_graphs/ethmac_run_20260126_152109_raw.pt,dataset_root/graphs/clustered_graphs/ethmac_run_20260126_152109_clustered.pt
257,ethmac_run_20260126_152109,ethmac,2.0,50,0.59,DELAY 3,0,0,0,188,80,18,41,0.695918,-0.709117,1.19304,-0.199074,0,-301.324,0,9316,0.075682,1163580,0.540119,994,433,945,dataset_root/graphs/raw_graphs/ethmac_run_20260126_152109_raw.pt,dataset_root/graphs/clustered_graphs/ethmac_run_20260126_152109_clustered.pt
258,ethmac_run_20260126_152109,ethmac,2.0,50,0.59,DELAY 3,0,0,0,171,138,22,39,0.702993,-0.686899,1.17836,-0.20002,0,-292.572,0,9309,0.0784052,1166590,0.543355,981,632,945,dataset_root/graphs/raw_graphs/ethmac_run_20260126_152109_raw.pt,dataset_root/graphs/clustered_graphs/ethmac_run_20260126_152109_clustered.pt
259,ethmac_run_20260126_152109,ethmac,2.0,50,0.59,DELAY 3,0,0,0,151,84,22,37,0.892473,-1.00354,1.25589,-0.373577,0,-313.271,0,9342,0.0799262,1169030,0.545579,1190,647,945,dataset_root/graphs/raw_graphs/ethmac_run_20260126_152109_raw.pt,dataset_root/graphs/clustered_graphs/ethmac_run_20260126_152109_clustered.pt
260,ethmac_run_20260126_152109,ethmac,2.0,50,0.59,DELAY 3,0,0,0,248,127,26,46,0.709131,-0.720722,1.19066,-0.194294,0,-248.862,0,9275,0.0738562,1157570,0.537764,758,475,945,dataset_root/graphs/raw_graphs/ethmac_run_20260126_152109_raw.pt,dataset_root/graphs/clustered_graphs/ethmac_run_20260126_152109_clustered.pt
261,ethmac_run_20260126_153623,ethmac,1.4,65,0.83,DELAY 3,0,0,1,170,118,12,67,0.677408,-0.730324,1.38204,-0.246787,0,-306.724,0,9128,0.0719461,1127380,0.690954,1056,28,875,dataset_root/graphs/raw_graphs/ethmac_run_20260126_153623_raw.pt,dataset_root/graphs/clustered_graphs/ethmac_run_20260126_153623_clustered.pt
262,ethmac_run_20260126_153623,ethmac,1.4,65,0.83,DELAY 3,0,0,1,280,132,19,70,0.539519,-0.539458,1.40631,-0.162257,0,-255.383,0,9092,0.0682159,1102620,0.68474,711,28,875,dataset_root/graphs/raw_graphs/ethmac_run_20260126_153623_raw.pt,dataset_root/graphs/clustered_graphs/ethmac_run_20260126_153623_clustered.pt
263,ethmac_run_20260126_153623,ethmac,1.4,65,0.83,DELAY 3,0,0,1,174,147,18,36,0.720952,-0.756733,1.37508,-0.175792,0,-262.878,0,9021,0.0774541,1136460,0.70025,1041,626,875,dataset_root/graphs/raw_graphs/ethmac_run_20260126_153623_raw.pt,dataset_root/graphs/clustered_graphs/ethmac_run_20260126_153623_clustered.pt
264,ethmac_run_20260126_153623,ethmac,1.4,65,0.83,DELAY 3,0,0,1,212,77,15,48,0.547442,-0.54471,1.40564,-0.170167,0,-286.44,0,9131,0.0700299,1112630,0.688133,928,66,875,dataset_root/graphs/raw_graphs/ethmac_run_20260126_153623_raw.pt,dataset_root/graphs/clustered_graphs/ethmac_run_20260126_153623_clustered.pt
265,ethmac_run_20260126_153623,ethmac,1.4,65,0.83,DELAY 3,0,0,1,218,113,17,45,0.537228,-0.536219,1.38721,-0.165761,0,-269.234,0,9067,0.0716324,1115340,0.690375,908,142,875,dataset_root/graphs/raw_graphs/ethmac_run_20260126_153623_raw.pt,dataset_root/graphs/clustered_graphs/ethmac_run_20260126_153623_clustered.pt
266,ethmac_run_20260126_153623,ethmac,1.4,65,0.83,DELAY 3,0,0,1,257,136,21,36,0.722194,-0.761599,1.37622,-0.178804,0,-255.687,0,8988,0.0777675,1138450,0.700708,1015,671,875,dataset_root/graphs/raw_graphs/ethmac_run_20260126_153623_raw.pt,dataset_root/graphs/clustered_graphs/ethmac_run_20260126_153623_clustered.pt
267,ethmac_run_20260126_153623,ethmac,1.4,65,0.83,DELAY 3,0,0,1,263,101,23,55,0.532682,-0.529449,1.3897,-0.158549,0,-225.029,0,8993,0.0681071,1097380,0.684755,661,146,875,dataset_root/graphs/raw_graphs/ethmac_run_20260126_153623_raw.pt,dataset_root/graphs/clustered_graphs/ethmac_run_20260126_153623_clustered.pt
268,ethmac_run_20260126_153623,ethmac,1.4,65,0.83,DELAY 3,0,0,1,184,125,29,65,0.837305,-0.73921,1.29739,-0.234621,0,-183.106,0,8835,0.0679728,1091570,0.684325,515,243,875,dataset_root/graphs/raw_graphs/ethmac_run_20260126_153623_raw.pt,dataset_root/graphs/clustered_graphs/ethmac_run_20260126_153623_clustered.pt
269,ethmac_run_20260126_153623,ethmac,1.4,65,0.83,DELAY 3,0,0,1,218,87,23,46,0.688672,-0.660197,1.39922,-0.168541,0,-225.019,0,8933,0.0726295,1114960,0.691844,780,361,875,dataset_root/graphs/raw_graphs/ethmac_run_20260126_153623_raw.pt,dataset_root/graphs/clustered_graphs/ethmac_run_20260126_153623_clustered.pt
270,ethmac_run_20260126_153623,ethmac,1.4,65,0.83,DELAY 3,0,0,1,154,100,29,58,0.859289,-0.888466,1.14048,-0.233403,0,-187.063,0,8842,0.0698023,1098210,0.687259,602,304,875,dataset_root/graphs/raw_graphs/ethmac_run_20260126_153623_raw.pt,dataset_root/graphs/clustered_graphs/ethmac_run_20260126_153623_clustered.pt
271,ethmac_run_20260126_155125,ethmac,1.0,50,0.63,AREA 1,1,1,0,231,73,23,53,0.766327,-0.761835,1.80125,-0.167935,0,-315.393,0,9331,0.0753253,1140260,0.54427,1052,603,578,dataset_root/graphs/raw_graphs/ethmac_run_20260126_155125_raw.pt,dataset_root/graphs/clustered_graphs/ethmac_run_20260126_155125_clustered.pt
272,ethmac_run_20260126_155125,ethmac,1.0,50,0.63,AREA 1,1,1,0,205,85,15,36,0.713121,-0.711447,1.80723,-0.173619,0,-383.921,0,9346,0.0943929,1169090,0.567182,2207,945,578,dataset_root/graphs/raw_graphs/ethmac_run_20260126_155125_raw.pt,dataset_root/graphs/clustered_graphs/ethmac_run_20260126_155125_clustered.pt
273,ethmac_run_20260126_155125,ethmac,1.0,50,0.63,AREA 1,1,1,0,218,75,20,60,0.744915,-0.735553,1.81211,-0.167145,0,-302.616,0,9323,0.0711732,1135760,0.538848,873,372,578,dataset_root/graphs/raw_graphs/ethmac_run_20260126_155125_raw.pt,dataset_root/graphs/clustered_graphs/ethmac_run_20260126_155125_clustered.pt
274,ethmac_run_20260126_155125,ethmac,1.0,50,0.63,AREA 1,1,1,0,177,135,12,68,0.943692,-0.948387,1.82327,-0.302199,0,-367.996,0,9362,0.0704275,1143130,0.537892,1075,47,578,dataset_root/graphs/raw_graphs/ethmac_run_20260126_155125_raw.pt,dataset_root/graphs/clustered_graphs/ethmac_run_20260126_155125_clustered.pt
275,ethmac_run_20260126_155125,ethmac,1.0,50,0.63,AREA 1,1,1,0,224,101,14,69,0.71346,-0.702422,1.81238,-0.165344,0,-349.125,0,9331,0.0695808,1139790,0.536798,967,58,578,dataset_root/graphs/raw_graphs/ethmac_run_20260126_155125_raw.pt,dataset_root/graphs/clustered_graphs/ethmac_run_20260126_155125_clustered.pt
276,ethmac_run_20260126_155125,ethmac,1.0,50,0.63,AREA 1,1,1,0,271,103,22,36,0.718121,-0.714367,1.80722,-0.173619,0,-384.102,0,9346,0.0939403,1165680,0.566647,2134,974,578,dataset_root/graphs/raw_graphs/ethmac_run_20260126_155125_raw.pt,dataset_root/graphs/clustered_graphs/ethmac_run_20260126_155125_clustered.pt
277,ethmac_run_20260126_155125,ethmac,1.0,50,0.63,AREA 1,1,1,0,198,99,17,58,0.917928,-0.917895,1.82499,-0.167161,0,-326.021,0,9330,0.0713671,1138030,0.539115,989,244,578,dataset_root/graphs/raw_graphs/ethmac_run_20260126_155125_raw.pt,dataset_root/graphs/clustered_graphs/ethmac_run_20260126_155125_clustered.pt
278,ethmac_run_20260126_155125,ethmac,1.0,50,0.63,AREA 1,1,1,0,190,135,17,44,0.706065,-0.700152,1.8149,-0.170975,0,-357.067,0,9340,0.0845445,1155660,0.555347,1531,851,578,dataset_root/graphs/raw_graphs/ethmac_run_20260126_155125_raw.pt,dataset_root/graphs/clustered_graphs/ethmac_run_20260126_155125_clustered.pt
279,ethmac_run_20260126_155125,ethmac,1.0,50,0.63,AREA 1,1,1,0,225,127,24,39,0.729536,-0.718436,1.8203,-0.17308,0,-377.483,0,9346,0.0911318,1162390,0.563164,1903,970,578,dataset_root/graphs/raw_graphs/ethmac_run_20260126_155125_raw.pt,dataset_root/graphs/clustered_graphs/ethmac_run_20260126_155125_clustered.pt
280,ethmac_run_20260126_155125,ethmac,1.0,50,0.63,AREA 1,1,1,0,207,83,24,52,0.794325,-0.775633,1.80064,-0.179843,0,-319.652,0,9334,0.0763397,1143030,0.545383,1084,641,578,dataset_root/graphs/raw_graphs/ethmac_run_20260126_155125_raw.pt,dataset_root/graphs/clustered_graphs/ethmac_run_20260126_155125_clustered.pt
281,ethmac_run_20260126_162147,ethmac,2.0,57,0.82,DELAY 2,1,1,0,222,76,12,62,0.830319,-0.863686,0.897367,-0.210314,0,-307.674,0,9294,0.0699371,1271580,0.595532,1098,37,873,dataset_root/graphs/raw_graphs/ethmac_run_20260126_162147_raw.pt,dataset_root/graphs/clustered_graphs/ethmac_run_20260126_162147_clustered.pt
282,ethmac_run_20260126_162147,ethmac,2.0,57,0.82,DELAY 2,1,1,0,168,143,23,43,1.04147,-0.889778,0.870478,-0.210246,0,-223.078,0,9207,0.0701687,1258310,0.595386,753,300,873,dataset_root/graphs/raw_graphs/ethmac_run_20260126_162147_raw.pt,dataset_root/graphs/clustered_graphs/ethmac_run_20260126_162147_clustered.pt
283,ethmac_run_20260126_162147,ethmac,2.0,57,0.82,DELAY 2,1,1,0,160,81,21,62,0.719171,-0.74148,0.886216,-0.154992,0,-235.545,0,9229,0.0659526,1254710,0.589806,712,50,873,dataset_root/graphs/raw_graphs/ethmac_run_20260126_162147_raw.pt,dataset_root/graphs/clustered_graphs/ethmac_run_20260126_162147_clustered.pt
284,ethmac_run_20260126_162147,ethmac,2.0,57,0.82,DELAY 2,1,1,0,197,118,19,59,0.827875,-0.71286,0.906095,-0.15137,0,-252.027,0,9255,0.0670223,1258330,0.591122,757,45,873,dataset_root/graphs/raw_graphs/ethmac_run_20260126_162147_raw.pt,dataset_root/graphs/clustered_graphs/ethmac_run_20260126_162147_clustered.pt
285,ethmac_run_20260126_162147,ethmac,2.0,57,0.82,DELAY 2,1,1,0,169,121,20,57,0.873381,-0.886216,0.909978,-0.212869,0,-245.211,0,9247,0.0668853,1256830,0.590901,731,53,873,dataset_root/graphs/raw_graphs/ethmac_run_20260126_162147_raw.pt,dataset_root/graphs/clustered_graphs/ethmac_run_20260126_162147_clustered.pt
286,ethmac_run_20260126_162147,ethmac,2.0,57,0.82,DELAY 2,1,1,0,160,138,29,54,0.986993,-1.1355,0.854175,-0.53274,0,-180.666,0,9148,0.0654973,1243360,0.589205,552,163,873,dataset_root/graphs/raw_graphs/ethmac_run_20260126_162147_raw.pt,dataset_root/graphs/clustered_graphs/ethmac_run_20260126_162147_clustered.pt
287,ethmac_run_20260126_162147,ethmac,2.0,57,0.82,DELAY 2,1,1,0,188,131,29,62,0.818194,-0.822148,0.873378,-0.17294,0,-175.151,0,9125,0.0649622,1243580,0.588339,514,103,873,dataset_root/graphs/raw_graphs/ethmac_run_20260126_162147_raw.pt,dataset_root/graphs/clustered_graphs/ethmac_run_20260126_162147_clustered.pt
288,ethmac_run_20260126_162147,ethmac,2.0,57,0.82,DELAY 2,1,1,0,185,118,27,64,1.16432,-1.12676,0.907774,-0.369303,0,-192.477,0,9165,0.0644333,1245870,0.587695,558,76,873,dataset_root/graphs/raw_graphs/ethmac_run_20260126_162147_raw.pt,dataset_root/graphs/clustered_graphs/ethmac_run_20260126_162147_clustered.pt
289,ethmac_run_20260126_162147,ethmac,2.0,57,0.82,DELAY 2,1,1,0,163,94,28,36,0.989771,-0.888541,0.912475,-0.179308,0,-222.843,0,9194,0.0733833,1267390,0.600119,867,540,873,dataset_root/graphs/raw_graphs/ethmac_run_20260126_162147_raw.pt,dataset_root/graphs/clustered_graphs/ethmac_run_20260126_162147_clustered.pt
290,ethmac_run_20260126_162147,ethmac,2.0,57,0.82,DELAY 2,1,1,0,204,109,18,59,0.846994,-0.716131,0.89359,-0.154453,0,-260.444,0,9264,0.0673108,1260820,0.591544,784,43,873,dataset_root/graphs/raw_graphs/ethmac_run_20260126_162147_raw.pt,dataset_root/graphs/clustered_graphs/ethmac_run_20260126_162147_clustered.pt
291,ethmac_run_20260126_165047,ethmac,2.0,50,0.57,AREA 2,0,1,0,143,76,16,63,0.91912,-0.919161,1.10705,-0.40769,0,-332.576,0,9384,0.0675545,1215730,0.531222,896,40,586,dataset_root/graphs/raw_graphs/ethmac_run_20260126_165047_raw.pt,dataset_root/graphs/clustered_graphs/ethmac_run_20260126_165047_clustered.pt
292,ethmac_run_20260126_165047,ethmac,2.0,50,0.57,AREA 2,0,1,0,141,107,15,65,0.995474,-0.924492,1.08217,-0.296456,0,-337.702,0,9367,0.0682359,1218460,0.531964,941,29,586,dataset_root/graphs/raw_graphs/ethmac_run_20260126_165047_raw.pt,dataset_root/graphs/clustered_graphs/ethmac_run_20260126_165047_clustered.pt
293,ethmac_run_20260126_165047,ethmac,2.0,50,0.57,AREA 2,0,1,0,240,136,16,53,0.541143,-0.540492,1.19349,-0.172297,0,-329.043,0,9363,0.0687488,1215010,0.532491,878,74,586,dataset_root/graphs/raw_graphs/ethmac_run_20260126_165047_raw.pt,dataset_root/graphs/clustered_graphs/ethmac_run_20260126_165047_clustered.pt
294,ethmac_run_20260126_165047,ethmac,2.0,50,0.57,AREA 2,0,1,0,243,141,24,55,0.567251,-0.565424,1.22585,-0.174867,0,-262.81,0,9340,0.0685859,1207440,0.532176,708,205,586,dataset_root/graphs/raw_graphs/ethmac_run_20260126_165047_raw.pt,dataset_root/graphs/clustered_graphs/ethmac_run_20260126_165047_clustered.pt
295,ethmac_run_20260126_165047,ethmac,2.0,50,0.57,AREA 2,0,1,0,133,77,20,37,1.30222,-1.34005,1.41669,-0.365641,0,-331.104,0,9406,0.0773281,1224140,0.543403,1187,686,586,dataset_root/graphs/raw_graphs/ethmac_run_20260126_165047_raw.pt,dataset_root/graphs/clustered_graphs/ethmac_run_20260126_165047_clustered.pt
296,ethmac_run_20260126_165047,ethmac,2.0,50,0.57,AREA 2,0,1,0,245,103,24,36,0.674126,-0.698845,1.20634,-0.172353,0,-334.974,0,9367,0.0811148,1233470,0.547451,1356,623,586,dataset_root/graphs/raw_graphs/ethmac_run_20260126_165047_raw.pt,dataset_root/graphs/clustered_graphs/ethmac_run_20260126_165047_clustered.pt
297,ethmac_run_20260126_165047,ethmac,2.0,50,0.57,AREA 2,0,1,0,200,100,25,37,0.719367,-0.746546,1.25532,-0.171754,0,-320.851,0,9364,0.0770483,1220680,0.543016,1099,683,586,dataset_root/graphs/raw_graphs/ethmac_run_20260126_165047_raw.pt,dataset_root/graphs/clustered_graphs/ethmac_run_20260126_165047_clustered.pt
298,ethmac_run_20260126_165047,ethmac,2.0,50,0.57,AREA 2,0,1,0,280,114,21,44,0.717837,-0.759867,1.24774,-0.174741,0,-293.975,0,9355,0.0717022,1215770,0.536103,841,435,586,dataset_root/graphs/raw_graphs/ethmac_run_20260126_165047_raw.pt,dataset_root/graphs/clustered_graphs/ethmac_run_20260126_165047_clustered.pt
299,ethmac_run_20260126_165047,ethmac,2.0,50,0.57,AREA 2,0,1,0,183,139,13,36,0.671882,-0.683442,1.20542,-0.173067,0,-358.126,0,9370,0.0783262,1230460,0.544328,1401,399,586,dataset_root/graphs/raw_graphs/ethmac_run_20260126_165047_raw.pt,dataset_root/graphs/clustered_graphs/ethmac_run_20260126_165047_clustered.pt
300,ethmac_run_20260126_165047,ethmac,2.0,50,0.57,AREA 2,0,1,0,165,115,22,40,0.847513,-1.02246,1.21667,-0.184602,0,-297.832,0,9356,0.0739828,1219090,0.538937,941,550,586,dataset_root/graphs/raw_graphs/ethmac_run_20260126_165047_raw.pt,dataset_root/graphs/clustered_graphs/ethmac_run_20260126_165047_clustered.pt
